name,parent,size,sqrt_size,ln_size,bounded_size,scaled_size
1,,160,12.649110640673518,5.075173815233827,2.1739130434782608,0.7983647313481308
2,1,280,16.73320053068151,5.634789603169249,3.1130434782608694,1.397138279859229
3,1,310,17.60681686165901,5.736572297479192,3.3478260869565215,1.5468316669870033
4,1,390,19.748417658131498,5.966146739123692,3.9739130434782606,1.9460140326610686
5,1,700,26.457513110645905,6.551080335043404,6.4,3.492845699648072
6,1,380,19.493588689617926,5.940171252720432,3.895652173913043,1.8961162369518105
7,1,450,21.213203435596427,6.1092475827643655,4.443478260869565,2.2454008069166176
8,1,510,22.58317958127243,6.234410725718371,4.913043478260869,2.5447875811721667
9,1,660,25.69046515733026,6.492239835020471,6.086956521739131,3.2932545168110394
10,1,640,25.298221281347036,6.461468176353717,5.930434782608696,3.193458925392523
11,1,430,20.73644135332772,6.063785208687608,4.28695652173913,2.1456052154981013
12,1,380,19.493588689617926,5.940171252720432,3.895652173913043,1.8961162369518105
13,1,810,28.460498941515414,6.697034247666484,7.260869565217391,4.041721452449912
14,1,960,30.983866769659336,6.866933284461882,8.434782608695652,4.790188388088785
15,1,250,15.811388300841896,5.521460917862246,2.878260869565217,1.2474448927314543
16,1,570,23.874672772626646,6.345636360828596,5.3826086956521735,2.844174355427716
17,1,420,20.493901531919196,6.040254711277414,4.208695652173913,2.0957074197888432
18,1,280,16.73320053068151,5.634789603169249,3.1130434782608694,1.397138279859229
19,1,710,26.645825188948457,6.565264970035361,6.478260869565217,3.54274349535733
20,1,620,24.899799195977465,6.429719478039138,5.773913043478261,3.0936633339740065
21,1,350,18.708286933869708,5.857933154483459,3.660869565217391,1.746422849824036
22,1,450,21.213203435596427,6.1092475827643655,4.443478260869565,2.2454008069166176
23,1,520,22.80350850198276,6.253828811575473,4.991304347826087,2.594685376881425
24,1,870,29.49576240750525,6.76849321164863,7.730434782608695,4.341108226705461
25,1,560,23.664319132398465,6.327936783729195,5.304347826086956,2.794276559718458
26,1,600,24.49489742783178,6.396929655216146,5.6173913043478265,2.9938677425554903
27,1,400,20,5.991464547107982,4.052173913043478,1.995911828370327
28,1,410,20.248456731316587,6.016157159698354,4.130434782608695,2.045809624079585
29,1,600,24.49489742783178,6.396929655216146,5.6173913043478265,2.9938677425554903
30,1,370,19.235384061671343,5.91350300563827,3.817391304347826,1.8462184412425524
31,1,490,22.135943621178654,6.194405391104672,4.756521739130434,2.4449919897536505
32,1,390,19.748417658131498,5.966146739123692,3.9739130434782606,1.9460140326610686
33,1,480,21.908902300206645,6.173786103901937,4.678260869565217,2.3950941940443924
34,1,290,17.029386365926403,5.66988092298052,3.1913043478260867,1.447036075568487
35,1,640,25.298221281347036,6.461468176353717,5.930434782608696,3.193458925392523
36,1,390,19.748417658131498,5.966146739123692,3.9739130434782606,1.9460140326610686
37,1,790,28.106938645110393,6.672032945461067,7.104347826086956,3.9419258610313954
38,1,340,18.439088914585774,5.8289456176102075,3.5826086956521737,1.6965250541147778
39,1,200,14.142135623730951,5.298317366548036,2.4869565217391303,0.9979559141851635
40,1,640,25.298221281347036,6.461468176353717,5.930434782608696,3.193458925392523
41,1,740,27.202941017470888,6.606650186198215,6.71304347826087,3.692436882485105
42,1,510,22.58317958127243,6.234410725718371,4.913043478260869,2.5447875811721667
43,1,690,26.267851073127396,6.536691597591305,6.321739130434782,3.442947903938814
44,1,840,28.982753492378876,6.733401891837359,7.495652173913044,4.1914148395776865
45,1,590,24.289915602982237,6.380122536899765,5.539130434782609,2.943969946846232
46,1,850,29.154759474226502,6.745236349484363,7.57391304347826,4.241312635286945
47,1,780,27.92848008753788,6.659293919683638,7.026086956521739,3.8920280653221373
48,1,780,27.92848008753788,6.659293919683638,7.026086956521739,3.8920280653221373
49,1,100,10,4.605170185988092,1.7043478260869573,0.49897795709258175
50,1,530,23.021728866442675,6.272877006546167,5.069565217391304,2.644583172590683
51,1,630,25.099800796022265,6.4457198193855785,5.852173913043479,3.1435611296832646
52,1,310,17.60681686165901,5.736572297479192,3.3478260869565215,1.5468316669870033
53,1,490,22.135943621178654,6.194405391104672,4.756521739130434,2.4449919897536505
54,1,650,25.495097567963924,6.476972362889683,6.0086956521739125,3.2433567211017813
55,1,420,20.493901531919196,6.040254711277414,4.208695652173913,2.0957074197888432
56,1,580,24.08318915758459,6.363028103540465,5.460869565217391,2.894072151136974
57,1,450,21.213203435596427,6.1092475827643655,4.443478260869565,2.2454008069166176
58,1,560,23.664319132398465,6.327936783729195,5.304347826086956,2.794276559718458
59,1,660,25.69046515733026,6.492239835020471,6.086956521739131,3.2932545168110394
60,1,560,23.664319132398465,6.327936783729195,5.304347826086956,2.794276559718458
61,1,680,26.076809620810597,6.522092798170152,6.243478260869566,3.3930501082295557
62,1,250,15.811388300841896,5.521460917862246,2.878260869565217,1.2474448927314543
63,1,780,27.92848008753788,6.659293919683638,7.026086956521739,3.8920280653221373
64,1,670,25.88435821108957,6.507277712385012,6.165217391304347,3.3431523125202975
65,1,670,25.88435821108957,6.507277712385012,6.165217391304347,3.3431523125202975
66,1,410,20.248456731316587,6.016157159698354,4.130434782608695,2.045809624079585
67,1,130,11.40175425099138,4.867534450455582,1.9391304347826086,0.6486713442203562
68,1,610,24.698178070456937,6.413458957167357,5.695652173913044,3.0437655382647484
69,1,420,20.493901531919196,6.040254711277414,4.208695652173913,2.0957074197888432
70,1,420,20.493901531919196,6.040254711277414,4.208695652173913,2.0957074197888432
71,1,400,20,5.991464547107982,4.052173913043478,1.995911828370327
72,1,250,15.811388300841896,5.521460917862246,2.878260869565217,1.2474448927314543
73,1,410,20.248456731316587,6.016157159698354,4.130434782608695,2.045809624079585
74,1,100,10,4.605170185988092,1.7043478260869573,0.49897795709258175
75,1,370,19.235384061671343,5.91350300563827,3.817391304347826,1.8462184412425524
76,1,710,26.645825188948457,6.565264970035361,6.478260869565217,3.54274349535733
77,1,510,22.58317958127243,6.234410725718371,4.913043478260869,2.5447875811721667
78,1,270,16.431676725154983,5.598421958998375,3.034782608695652,1.3472404841499706
79,1,580,24.08318915758459,6.363028103540465,5.460869565217391,2.894072151136974
80,1,550,23.45207879911715,6.309918278226516,5.226086956521739,2.7443787640091997
81,1,310,17.60681686165901,5.736572297479192,3.3478260869565215,1.5468316669870033
82,1,420,20.493901531919196,6.040254711277414,4.208695652173913,2.0957074197888432
83,1,540,23.2379000772445,6.29156913955832,5.147826086956521,2.694480968299941
84,1,380,19.493588689617926,5.940171252720432,3.895652173913043,1.8961162369518105
85,1,400,20,5.991464547107982,4.052173913043478,1.995911828370327
86,1,410,20.248456731316587,6.016157159698354,4.130434782608695,2.045809624079585
87,1,300,17.320508075688775,5.703782474656201,3.269565217391304,1.4969338712777451
88,1,810,28.460498941515414,6.697034247666484,7.260869565217391,4.041721452449912
89,1,350,18.708286933869708,5.857933154483459,3.660869565217391,1.746422849824036
90,1,480,21.908902300206645,6.173786103901937,4.678260869565217,2.3950941940443924
91,1,530,23.021728866442675,6.272877006546167,5.069565217391304,2.644583172590683
92,1,870,29.49576240750525,6.76849321164863,7.730434782608695,4.341108226705461
93,1,580,24.08318915758459,6.363028103540465,5.460869565217391,2.894072151136974
94,1,170,13.038404810405298,5.135798437050262,2.252173913043478,0.8482625270573889
95,1,530,23.021728866442675,6.272877006546167,5.069565217391304,2.644583172590683
96,1,200,14.142135623730951,5.298317366548036,2.4869565217391303,0.9979559141851635
97,1,230,15.165750888103101,5.438079308923196,2.7217391304347824,1.1476493013129379
98,1,620,24.899799195977465,6.429719478039138,5.773913043478261,3.0936633339740065
99,1,390,19.748417658131498,5.966146739123692,3.9739130434782606,1.9460140326610686
100,1,700,26.457513110645905,6.551080335043404,6.4,3.492845699648072
101,1,680,26.076809620810597,6.522092798170152,6.243478260869566,3.3930501082295557
102,1,420,20.493901531919196,6.040254711277414,4.208695652173913,2.0957074197888432
103,1,580,24.08318915758459,6.363028103540465,5.460869565217391,2.894072151136974
104,1,760,27.568097504180443,6.633318433280377,6.869565217391305,3.792232473903621
105,1,760,27.568097504180443,6.633318433280377,6.869565217391305,3.792232473903621
106,1,300,17.320508075688775,5.703782474656201,3.269565217391304,1.4969338712777451
107,1,980,31.304951684997057,6.887552571664617,8.591304347826087,4.889983979507301
108,1,730,27.018512172212592,6.593044534142437,6.634782608695652,3.6425390867758467
109,1,770,27.748873851023216,6.646390514847729,6.947826086956521,3.842130269612879
110,1,130,11.40175425099138,4.867534450455582,1.9391304347826086,0.6486713442203562
111,1,400,20,5.991464547107982,4.052173913043478,1.995911828370327
112,1,110,10.488088481701515,4.700480365792417,1.7826086956521738,0.5488757528018399
113,1,660,25.69046515733026,6.492239835020471,6.086956521739131,3.2932545168110394
114,1,740,27.202941017470888,6.606650186198215,6.71304347826087,3.692436882485105
115,1,500,22.360679774997898,6.214608098422191,4.834782608695652,2.4948897854629086
116,1,470,21.6794833886788,6.152732694704104,4.6,2.3451963983351343
117,1,460,21.447610589527216,6.131226489483141,4.521739130434782,2.2952986026258757
118,1,590,24.289915602982237,6.380122536899765,5.539130434782609,2.943969946846232
119,1,370,19.235384061671343,5.91350300563827,3.817391304347826,1.8462184412425524
120,1,700,26.457513110645905,6.551080335043404,6.4,3.492845699648072
121,1,480,21.908902300206645,6.173786103901937,4.678260869565217,2.3950941940443924
122,1,430,20.73644135332772,6.063785208687608,4.28695652173913,2.1456052154981013
123,1,780,27.92848008753788,6.659293919683638,7.026086956521739,3.8920280653221373
124,1,680,26.076809620810597,6.522092798170152,6.243478260869566,3.3930501082295557
125,1,780,27.92848008753788,6.659293919683638,7.026086956521739,3.8920280653221373
126,1,220,14.832396974191326,5.393627546352362,2.643478260869565,1.0977515056036797
127,1,230,15.165750888103101,5.438079308923196,2.7217391304347824,1.1476493013129379
128,1,1050,32.4037034920393,6.956545443151569,9.139130434782608,5.239268549472108
129,1,470,21.6794833886788,6.152732694704104,4.6,2.3451963983351343
130,1,520,22.80350850198276,6.253828811575473,4.991304347826087,2.594685376881425
131,1,10,3.1622776601683795,2.302585092994046,1,0.049897795709258175
132,1,660,25.69046515733026,6.492239835020471,6.086956521739131,3.2932545168110394
133,1,420,20.493901531919196,6.040254711277414,4.208695652173913,2.0957074197888432
134,1,450,21.213203435596427,6.1092475827643655,4.443478260869565,2.2454008069166176
135,1,740,27.202941017470888,6.606650186198215,6.71304347826087,3.692436882485105
136,1,300,17.320508075688775,5.703782474656201,3.269565217391304,1.4969338712777451
137,1,610,24.698178070456937,6.413458957167357,5.695652173913044,3.0437655382647484
138,1,270,16.431676725154983,5.598421958998375,3.034782608695652,1.3472404841499706
139,1,850,29.154759474226502,6.745236349484363,7.57391304347826,4.241312635286945
140,1,190,13.784048752090222,5.247024072160486,2.408695652173913,0.9480581184759053
141,1,520,22.80350850198276,6.253828811575473,4.991304347826087,2.594685376881425
142,1,500,22.360679774997898,6.214608098422191,4.834782608695652,2.4948897854629086
143,1,690,26.267851073127396,6.536691597591305,6.321739130434782,3.442947903938814
144,1,370,19.235384061671343,5.91350300563827,3.817391304347826,1.8462184412425524
145,1,60,7.745966692414834,4.0943445622221,1.3913043478260878,0.29938677425554905
146,1,520,22.80350850198276,6.253828811575473,4.991304347826087,2.594685376881425
147,1,380,19.493588689617926,5.940171252720432,3.895652173913043,1.8961162369518105
148,1,490,22.135943621178654,6.194405391104672,4.756521739130434,2.4449919897536505
149,1,950,30.822070014844883,6.856461984594587,8.356521739130434,4.740290592379527
150,1,320,17.88854381999832,5.768320995793772,3.426086956521739,1.5967294626962616
151,1,550,23.45207879911715,6.309918278226516,5.226086956521739,2.7443787640091997
152,1,550,23.45207879911715,6.309918278226516,5.226086956521739,2.7443787640091997
153,1,540,23.2379000772445,6.29156913955832,5.147826086956521,2.694480968299941
154,1,150,12.24744871391589,5.0106352940962555,2.0956521739130434,0.7484669356388726
155,1,220,14.832396974191326,5.393627546352362,2.643478260869565,1.0977515056036797
156,1,510,22.58317958127243,6.234410725718371,4.913043478260869,2.5447875811721667
157,1,700,26.457513110645905,6.551080335043404,6.4,3.492845699648072
158,1,500,22.360679774997898,6.214608098422191,4.834782608695652,2.4948897854629086
159,1,220,14.832396974191326,5.393627546352362,2.643478260869565,1.0977515056036797
160,1,400,20,5.991464547107982,4.052173913043478,1.995911828370327
161,1,450,21.213203435596427,6.1092475827643655,4.443478260869565,2.2454008069166176
162,1,310,17.60681686165901,5.736572297479192,3.3478260869565215,1.5468316669870033
163,1,350,18.708286933869708,5.857933154483459,3.660869565217391,1.746422849824036
164,1,620,24.899799195977465,6.429719478039138,5.773913043478261,3.0936633339740065
165,1,380,19.493588689617926,5.940171252720432,3.895652173913043,1.8961162369518105
166,1,380,19.493588689617926,5.940171252720432,3.895652173913043,1.8961162369518105
167,1,350,18.708286933869708,5.857933154483459,3.660869565217391,1.746422849824036
168,1,600,24.49489742783178,6.396929655216146,5.6173913043478265,2.9938677425554903
169,1,530,23.021728866442675,6.272877006546167,5.069565217391304,2.644583172590683
170,1,220,14.832396974191326,5.393627546352362,2.643478260869565,1.0977515056036797
171,1,390,19.748417658131498,5.966146739123692,3.9739130434782606,1.9460140326610686
172,1,770,27.748873851023216,6.646390514847729,6.947826086956521,3.842130269612879
173,1,510,22.58317958127243,6.234410725718371,4.913043478260869,2.5447875811721667
174,1,440,20.97617696340303,6.0867747269123065,4.3652173913043475,2.1955030112073595
175,1,460,21.447610589527216,6.131226489483141,4.521739130434782,2.2952986026258757
176,1,360,18.973665961010276,5.886104031450156,3.7391304347826084,1.7963206455332943
177,1,180,13.416407864998739,5.19295685089021,2.3304347826086955,0.8981603227666471
178,1,450,21.213203435596427,6.1092475827643655,4.443478260869565,2.2454008069166176
179,1,340,18.439088914585774,5.8289456176102075,3.5826086956521737,1.6965250541147778
180,1,480,21.908902300206645,6.173786103901937,4.678260869565217,2.3950941940443924
181,1,520,22.80350850198276,6.253828811575473,4.991304347826087,2.594685376881425
182,1,740,27.202941017470888,6.606650186198215,6.71304347826087,3.692436882485105
183,1,420,20.493901531919196,6.040254711277414,4.208695652173913,2.0957074197888432
184,1,460,21.447610589527216,6.131226489483141,4.521739130434782,2.2952986026258757
185,1,220,14.832396974191326,5.393627546352362,2.643478260869565,1.0977515056036797
186,1,390,19.748417658131498,5.966146739123692,3.9739130434782606,1.9460140326610686
187,1,120,10.954451150103322,4.787491742782046,1.860869565217392,0.5987735485110981
188,1,700,26.457513110645905,6.551080335043404,6.4,3.492845699648072
189,1,190,13.784048752090222,5.247024072160486,2.408695652173913,0.9480581184759053
190,1,330,18.16590212458495,5.799092654460526,3.5043478260869563,1.6466272584055197
191,1,520,22.80350850198276,6.253828811575473,4.991304347826087,2.594685376881425
192,1,850,29.154759474226502,6.745236349484363,7.57391304347826,4.241312635286945
193,1,560,23.664319132398465,6.327936783729195,5.304347826086956,2.794276559718458
194,1,630,25.099800796022265,6.4457198193855785,5.852173913043479,3.1435611296832646
195,1,700,26.457513110645905,6.551080335043404,6.4,3.492845699648072
196,1,690,26.267851073127396,6.536691597591305,6.321739130434782,3.442947903938814
197,1,480,21.908902300206645,6.173786103901937,4.678260869565217,2.3950941940443924
198,1,500,22.360679774997898,6.214608098422191,4.834782608695652,2.4948897854629086
199,1,920,30.331501776206203,6.824373670043086,8.121739130434783,4.590597205251751
200,1,670,25.88435821108957,6.507277712385012,6.165217391304347,3.3431523125202975
201,1,190,13.784048752090222,5.247024072160486,2.408695652173913,0.9480581184759053
202,1,150,12.24744871391589,5.0106352940962555,2.0956521739130434,0.7484669356388726
203,1,640,25.298221281347036,6.461468176353717,5.930434782608696,3.193458925392523
204,1,560,23.664319132398465,6.327936783729195,5.304347826086956,2.794276559718458
205,1,80,8.94427190999916,4.382026634673881,1.5478260869565226,0.3991823656740654
206,1,590,24.289915602982237,6.380122536899765,5.539130434782609,2.943969946846232
207,1,510,22.58317958127243,6.234410725718371,4.913043478260869,2.5447875811721667
208,1,450,21.213203435596427,6.1092475827643655,4.443478260869565,2.2454008069166176
209,1,750,27.386127875258307,6.620073206530356,6.791304347826086,3.742334678194363
210,1,230,15.165750888103101,5.438079308923196,2.7217391304347824,1.1476493013129379
211,1,310,17.60681686165901,5.736572297479192,3.3478260869565215,1.5468316669870033
212,1,480,21.908902300206645,6.173786103901937,4.678260869565217,2.3950941940443924
213,1,370,19.235384061671343,5.91350300563827,3.817391304347826,1.8462184412425524
214,1,460,21.447610589527216,6.131226489483141,4.521739130434782,2.2952986026258757
215,1,380,19.493588689617926,5.940171252720432,3.895652173913043,1.8961162369518105
216,1,400,20,5.991464547107982,4.052173913043478,1.995911828370327
217,1,390,19.748417658131498,5.966146739123692,3.9739130434782606,1.9460140326610686
218,1,380,19.493588689617926,5.940171252720432,3.895652173913043,1.8961162369518105
219,1,370,19.235384061671343,5.91350300563827,3.817391304347826,1.8462184412425524
220,1,750,27.386127875258307,6.620073206530356,6.791304347826086,3.742334678194363
221,1,660,25.69046515733026,6.492239835020471,6.086956521739131,3.2932545168110394
222,1,1020,31.937438845342623,6.927557906278317,8.904347826086957,5.0895751623443335
223,1,430,20.73644135332772,6.063785208687608,4.28695652173913,2.1456052154981013
224,1,370,19.235384061671343,5.91350300563827,3.817391304347826,1.8462184412425524
225,1,700,26.457513110645905,6.551080335043404,6.4,3.492845699648072
226,1,640,25.298221281347036,6.461468176353717,5.930434782608696,3.193458925392523
227,1,350,18.708286933869708,5.857933154483459,3.660869565217391,1.746422849824036
228,1,540,23.2379000772445,6.29156913955832,5.147826086956521,2.694480968299941
229,1,160,12.649110640673518,5.075173815233827,2.1739130434782608,0.7983647313481308
230,1,840,28.982753492378876,6.733401891837359,7.495652173913044,4.1914148395776865
231,1,620,24.899799195977465,6.429719478039138,5.773913043478261,3.0936633339740065
232,1,610,24.698178070456937,6.413458957167357,5.695652173913044,3.0437655382647484
233,1,560,23.664319132398465,6.327936783729195,5.304347826086956,2.794276559718458
234,1,390,19.748417658131498,5.966146739123692,3.9739130434782606,1.9460140326610686
235,1,170,13.038404810405298,5.135798437050262,2.252173913043478,0.8482625270573889
236,1,700,26.457513110645905,6.551080335043404,6.4,3.492845699648072
237,1,470,21.6794833886788,6.152732694704104,4.6,2.3451963983351343
238,1,820,28.635642126552707,6.709304340258298,7.339130434782609,4.09161924815917
239,1,470,21.6794833886788,6.152732694704104,4.6,2.3451963983351343
240,1,560,23.664319132398465,6.327936783729195,5.304347826086956,2.794276559718458
241,1,670,25.88435821108957,6.507277712385012,6.165217391304347,3.3431523125202975
242,1,330,18.16590212458495,5.799092654460526,3.5043478260869563,1.6466272584055197
243,1,300,17.320508075688775,5.703782474656201,3.269565217391304,1.4969338712777451
244,1,810,28.460498941515414,6.697034247666484,7.260869565217391,4.041721452449912
245,1,300,17.320508075688775,5.703782474656201,3.269565217391304,1.4969338712777451
246,1,160,12.649110640673518,5.075173815233827,2.1739130434782608,0.7983647313481308
247,1,290,17.029386365926403,5.66988092298052,3.1913043478260867,1.447036075568487
248,1,680,26.076809620810597,6.522092798170152,6.243478260869566,3.3930501082295557
249,1,430,20.73644135332772,6.063785208687608,4.28695652173913,2.1456052154981013
250,1,270,16.431676725154983,5.598421958998375,3.034782608695652,1.3472404841499706
251,1,510,22.58317958127243,6.234410725718371,4.913043478260869,2.5447875811721667
252,1,810,28.460498941515414,6.697034247666484,7.260869565217391,4.041721452449912
253,1,160,12.649110640673518,5.075173815233827,2.1739130434782608,0.7983647313481308
254,1,260,16.1245154965971,5.560681631015528,2.9565217391304346,1.2973426884407124
255,1,460,21.447610589527216,6.131226489483141,4.521739130434782,2.2952986026258757
256,1,350,18.708286933869708,5.857933154483459,3.660869565217391,1.746422849824036
257,1,180,13.416407864998739,5.19295685089021,2.3304347826086955,0.8981603227666471
258,1,530,23.021728866442675,6.272877006546167,5.069565217391304,2.644583172590683
259,1,640,25.298221281347036,6.461468176353717,5.930434782608696,3.193458925392523
260,1,110,10.488088481701515,4.700480365792417,1.7826086956521738,0.5488757528018399
261,1,340,18.439088914585774,5.8289456176102075,3.5826086956521737,1.6965250541147778
262,1,290,17.029386365926403,5.66988092298052,3.1913043478260867,1.447036075568487
263,1,480,21.908902300206645,6.173786103901937,4.678260869565217,2.3950941940443924
264,1,870,29.49576240750525,6.76849321164863,7.730434782608695,4.341108226705461
265,1,410,20.248456731316587,6.016157159698354,4.130434782608695,2.045809624079585
266,1,430,20.73644135332772,6.063785208687608,4.28695652173913,2.1456052154981013
267,1,620,24.899799195977465,6.429719478039138,5.773913043478261,3.0936633339740065
268,1,520,22.80350850198276,6.253828811575473,4.991304347826087,2.594685376881425
269,1,640,25.298221281347036,6.461468176353717,5.930434782608696,3.193458925392523
270,1,880,29.664793948382652,6.779921907472252,7.808695652173913,4.391006022414719
271,1,310,17.60681686165901,5.736572297479192,3.3478260869565215,1.5468316669870033
272,1,570,23.874672772626646,6.345636360828596,5.3826086956521735,2.844174355427716
273,1,330,18.16590212458495,5.799092654460526,3.5043478260869563,1.6466272584055197
274,1,810,28.460498941515414,6.697034247666484,7.260869565217391,4.041721452449912
275,1,620,24.899799195977465,6.429719478039138,5.773913043478261,3.0936633339740065
276,1,420,20.493901531919196,6.040254711277414,4.208695652173913,2.0957074197888432
277,1,790,28.106938645110393,6.672032945461067,7.104347826086956,3.9419258610313954
278,1,320,17.88854381999832,5.768320995793772,3.426086956521739,1.5967294626962616
279,1,780,27.92848008753788,6.659293919683638,7.026086956521739,3.8920280653221373
280,1,610,24.698178070456937,6.413458957167357,5.695652173913044,3.0437655382647484
281,1,270,16.431676725154983,5.598421958998375,3.034782608695652,1.3472404841499706
282,1,430,20.73644135332772,6.063785208687608,4.28695652173913,2.1456052154981013
283,1,430,20.73644135332772,6.063785208687608,4.28695652173913,2.1456052154981013
284,1,710,26.645825188948457,6.565264970035361,6.478260869565217,3.54274349535733
285,1,580,24.08318915758459,6.363028103540465,5.460869565217391,2.894072151136974
286,1,730,27.018512172212592,6.593044534142437,6.634782608695652,3.6425390867758467
287,1,530,23.021728866442675,6.272877006546167,5.069565217391304,2.644583172590683
288,1,630,25.099800796022265,6.4457198193855785,5.852173913043479,3.1435611296832646
289,1,340,18.439088914585774,5.8289456176102075,3.5826086956521737,1.6965250541147778
290,1,570,23.874672772626646,6.345636360828596,5.3826086956521735,2.844174355427716
291,1,700,26.457513110645905,6.551080335043404,6.4,3.492845699648072
292,1,540,23.2379000772445,6.29156913955832,5.147826086956521,2.694480968299941
293,1,520,22.80350850198276,6.253828811575473,4.991304347826087,2.594685376881425
294,1,280,16.73320053068151,5.634789603169249,3.1130434782608694,1.397138279859229
295,1,620,24.899799195977465,6.429719478039138,5.773913043478261,3.0936633339740065
296,1,520,22.80350850198276,6.253828811575473,4.991304347826087,2.594685376881425
297,1,500,22.360679774997898,6.214608098422191,4.834782608695652,2.4948897854629086
298,1,720,26.832815729997478,6.579251212010101,6.556521739130435,3.5926412910665886
299,1,500,22.360679774997898,6.214608098422191,4.834782608695652,2.4948897854629086
300,1,660,25.69046515733026,6.492239835020471,6.086956521739131,3.2932545168110394
301,1,510,22.58317958127243,6.234410725718371,4.913043478260869,2.5447875811721667
302,1,690,26.267851073127396,6.536691597591305,6.321739130434782,3.442947903938814
303,1,760,27.568097504180443,6.633318433280377,6.869565217391305,3.792232473903621
304,1,610,24.698178070456937,6.413458957167357,5.695652173913044,3.0437655382647484
305,1,630,25.099800796022265,6.4457198193855785,5.852173913043479,3.1435611296832646
306,1,220,14.832396974191326,5.393627546352362,2.643478260869565,1.0977515056036797
307,1,550,23.45207879911715,6.309918278226516,5.226086956521739,2.7443787640091997
308,1,120,10.954451150103322,4.787491742782046,1.860869565217392,0.5987735485110981
309,1,360,18.973665961010276,5.886104031450156,3.7391304347826084,1.7963206455332943
310,1,930,30.495901363953813,6.835184586147301,8.2,4.64049500096101
311,1,400,20,5.991464547107982,4.052173913043478,1.995911828370327
312,1,540,23.2379000772445,6.29156913955832,5.147826086956521,2.694480968299941
313,1,640,25.298221281347036,6.461468176353717,5.930434782608696,3.193458925392523
314,1,180,13.416407864998739,5.19295685089021,2.3304347826086955,0.8981603227666471
315,1,430,20.73644135332772,6.063785208687608,4.28695652173913,2.1456052154981013
316,1,560,23.664319132398465,6.327936783729195,5.304347826086956,2.794276559718458
317,1,390,19.748417658131498,5.966146739123692,3.9739130434782606,1.9460140326610686
318,1,180,13.416407864998739,5.19295685089021,2.3304347826086955,0.8981603227666471
319,1,510,22.58317958127243,6.234410725718371,4.913043478260869,2.5447875811721667
320,1,670,25.88435821108957,6.507277712385012,6.165217391304347,3.3431523125202975
321,1,450,21.213203435596427,6.1092475827643655,4.443478260869565,2.2454008069166176
322,1,90,9.486832980505138,4.499809670330265,1.626086956521739,0.4490801613833236
323,1,740,27.202941017470888,6.606650186198215,6.71304347826087,3.692436882485105
324,1,840,28.982753492378876,6.733401891837359,7.495652173913044,4.1914148395776865
325,1,430,20.73644135332772,6.063785208687608,4.28695652173913,2.1456052154981013
326,1,520,22.80350850198276,6.253828811575473,4.991304347826087,2.594685376881425
327,1,460,21.447610589527216,6.131226489483141,4.521739130434782,2.2952986026258757
328,1,570,23.874672772626646,6.345636360828596,5.3826086956521735,2.844174355427716
329,1,350,18.708286933869708,5.857933154483459,3.660869565217391,1.746422849824036
330,1,420,20.493901531919196,6.040254711277414,4.208695652173913,2.0957074197888432
331,1,580,24.08318915758459,6.363028103540465,5.460869565217391,2.894072151136974
332,1,500,22.360679774997898,6.214608098422191,4.834782608695652,2.4948897854629086
333,1,930,30.495901363953813,6.835184586147301,8.2,4.64049500096101
334,1,920,30.331501776206203,6.824373670043086,8.121739130434783,4.590597205251751
335,1,140,11.832159566199232,4.941642422609304,2.017391304347826,0.6985691399296144
336,1,470,21.6794833886788,6.152732694704104,4.6,2.3451963983351343
337,1,750,27.386127875258307,6.620073206530356,6.791304347826086,3.742334678194363
338,1,620,24.899799195977465,6.429719478039138,5.773913043478261,3.0936633339740065
339,1,530,23.021728866442675,6.272877006546167,5.069565217391304,2.644583172590683
340,1,380,19.493588689617926,5.940171252720432,3.895652173913043,1.8961162369518105
341,1,840,28.982753492378876,6.733401891837359,7.495652173913044,4.1914148395776865
342,1,490,22.135943621178654,6.194405391104672,4.756521739130434,2.4449919897536505
343,1,710,26.645825188948457,6.565264970035361,6.478260869565217,3.54274349535733
344,1,560,23.664319132398465,6.327936783729195,5.304347826086956,2.794276559718458
345,1,610,24.698178070456937,6.413458957167357,5.695652173913044,3.0437655382647484
346,1,250,15.811388300841896,5.521460917862246,2.878260869565217,1.2474448927314543
347,1,470,21.6794833886788,6.152732694704104,4.6,2.3451963983351343
348,1,600,24.49489742783178,6.396929655216146,5.6173913043478265,2.9938677425554903
349,1,340,18.439088914585774,5.8289456176102075,3.5826086956521737,1.6965250541147778
350,1,480,21.908902300206645,6.173786103901937,4.678260869565217,2.3950941940443924
351,1,590,24.289915602982237,6.380122536899765,5.539130434782609,2.943969946846232
352,1,550,23.45207879911715,6.309918278226516,5.226086956521739,2.7443787640091997
353,1,790,28.106938645110393,6.672032945461067,7.104347826086956,3.9419258610313954
354,1,130,11.40175425099138,4.867534450455582,1.9391304347826086,0.6486713442203562
355,1,550,23.45207879911715,6.309918278226516,5.226086956521739,2.7443787640091997
356,1,440,20.97617696340303,6.0867747269123065,4.3652173913043475,2.1955030112073595
357,1,430,20.73644135332772,6.063785208687608,4.28695652173913,2.1456052154981013
358,1,460,21.447610589527216,6.131226489483141,4.521739130434782,2.2952986026258757
359,1,280,16.73320053068151,5.634789603169249,3.1130434782608694,1.397138279859229
360,1,200,14.142135623730951,5.298317366548036,2.4869565217391303,0.9979559141851635
361,1,410,20.248456731316587,6.016157159698354,4.130434782608695,2.045809624079585
362,1,480,21.908902300206645,6.173786103901937,4.678260869565217,2.3950941940443924
363,1,450,21.213203435596427,6.1092475827643655,4.443478260869565,2.2454008069166176
364,1,370,19.235384061671343,5.91350300563827,3.817391304347826,1.8462184412425524
365,1,360,18.973665961010276,5.886104031450156,3.7391304347826084,1.7963206455332943
366,1,540,23.2379000772445,6.29156913955832,5.147826086956521,2.694480968299941
367,1,580,24.08318915758459,6.363028103540465,5.460869565217391,2.894072151136974
368,1,850,29.154759474226502,6.745236349484363,7.57391304347826,4.241312635286945
369,1,640,25.298221281347036,6.461468176353717,5.930434782608696,3.193458925392523
370,1,960,30.983866769659336,6.866933284461882,8.434782608695652,4.790188388088785
371,1,680,26.076809620810597,6.522092798170152,6.243478260869566,3.3930501082295557
372,1,420,20.493901531919196,6.040254711277414,4.208695652173913,2.0957074197888432
373,1,550,23.45207879911715,6.309918278226516,5.226086956521739,2.7443787640091997
374,1,520,22.80350850198276,6.253828811575473,4.991304347826087,2.594685376881425
375,1,410,20.248456731316587,6.016157159698354,4.130434782608695,2.045809624079585
376,1,510,22.58317958127243,6.234410725718371,4.913043478260869,2.5447875811721667
377,1,370,19.235384061671343,5.91350300563827,3.817391304347826,1.8462184412425524
378,1,440,20.97617696340303,6.0867747269123065,4.3652173913043475,2.1955030112073595
379,1,160,12.649110640673518,5.075173815233827,2.1739130434782608,0.7983647313481308
380,1,540,23.2379000772445,6.29156913955832,5.147826086956521,2.694480968299941
381,1,630,25.099800796022265,6.4457198193855785,5.852173913043479,3.1435611296832646
382,1,490,22.135943621178654,6.194405391104672,4.756521739130434,2.4449919897536505
383,1,600,24.49489742783178,6.396929655216146,5.6173913043478265,2.9938677425554903
384,1,480,21.908902300206645,6.173786103901937,4.678260869565217,2.3950941940443924
385,1,660,25.69046515733026,6.492239835020471,6.086956521739131,3.2932545168110394
386,1,820,28.635642126552707,6.709304340258298,7.339130434782609,4.09161924815917
387,1,690,26.267851073127396,6.536691597591305,6.321739130434782,3.442947903938814
388,1,800,28.284271247461902,6.684611727667927,7.182608695652174,3.991823656740654
389,1,410,20.248456731316587,6.016157159698354,4.130434782608695,2.045809624079585
390,1,570,23.874672772626646,6.345636360828596,5.3826086956521735,2.844174355427716
391,1,570,23.874672772626646,6.345636360828596,5.3826086956521735,2.844174355427716
392,1,570,23.874672772626646,6.345636360828596,5.3826086956521735,2.844174355427716
393,1,360,18.973665961010276,5.886104031450156,3.7391304347826084,1.7963206455332943
394,1,550,23.45207879911715,6.309918278226516,5.226086956521739,2.7443787640091997
395,1,760,27.568097504180443,6.633318433280377,6.869565217391305,3.792232473903621
396,1,580,24.08318915758459,6.363028103540465,5.460869565217391,2.894072151136974
397,1,170,13.038404810405298,5.135798437050262,2.252173913043478,0.8482625270573889
398,1,650,25.495097567963924,6.476972362889683,6.0086956521739125,3.2433567211017813
399,1,300,17.320508075688775,5.703782474656201,3.269565217391304,1.4969338712777451
400,1,600,24.49489742783178,6.396929655216146,5.6173913043478265,2.9938677425554903
401,1,890,29.832867780352597,6.7912214627261855,7.886956521739131,4.440903818123977
402,1,400,20,5.991464547107982,4.052173913043478,1.995911828370327
403,1,640,25.298221281347036,6.461468176353717,5.930434782608696,3.193458925392523
404,1,340,18.439088914585774,5.8289456176102075,3.5826086956521737,1.6965250541147778
405,1,220,14.832396974191326,5.393627546352362,2.643478260869565,1.0977515056036797
406,1,860,29.32575659723036,6.756932389247553,7.6521739130434785,4.291210430996203
407,1,730,27.018512172212592,6.593044534142437,6.634782608695652,3.6425390867758467
408,1,460,21.447610589527216,6.131226489483141,4.521739130434782,2.2952986026258757
409,1,510,22.58317958127243,6.234410725718371,4.913043478260869,2.5447875811721667
410,1,660,25.69046515733026,6.492239835020471,6.086956521739131,3.2932545168110394
411,1,470,21.6794833886788,6.152732694704104,4.6,2.3451963983351343
412,1,570,23.874672772626646,6.345636360828596,5.3826086956521735,2.844174355427716
413,1,360,18.973665961010276,5.886104031450156,3.7391304347826084,1.7963206455332943
414,1,310,17.60681686165901,5.736572297479192,3.3478260869565215,1.5468316669870033
415,1,670,25.88435821108957,6.507277712385012,6.165217391304347,3.3431523125202975
416,1,630,25.099800796022265,6.4457198193855785,5.852173913043479,3.1435611296832646
417,1,640,25.298221281347036,6.461468176353717,5.930434782608696,3.193458925392523
418,1,780,27.92848008753788,6.659293919683638,7.026086956521739,3.8920280653221373
419,1,710,26.645825188948457,6.565264970035361,6.478260869565217,3.54274349535733
420,1,680,26.076809620810597,6.522092798170152,6.243478260869566,3.3930501082295557
421,1,50,7.0710678118654755,3.912023005428146,1.3130434782608695,0.24948897854629087
422,1,420,20.493901531919196,6.040254711277414,4.208695652173913,2.0957074197888432
423,1,370,19.235384061671343,5.91350300563827,3.817391304347826,1.8462184412425524
424,1,780,27.92848008753788,6.659293919683638,7.026086956521739,3.8920280653221373
425,1,40,6.324555320336759,3.6888794541139363,1.234782608695653,0.1995911828370327
426,1,430,20.73644135332772,6.063785208687608,4.28695652173913,2.1456052154981013
427,1,620,24.899799195977465,6.429719478039138,5.773913043478261,3.0936633339740065
428,1,710,26.645825188948457,6.565264970035361,6.478260869565217,3.54274349535733
429,1,790,28.106938645110393,6.672032945461067,7.104347826086956,3.9419258610313954
430,1,560,23.664319132398465,6.327936783729195,5.304347826086956,2.794276559718458
431,1,840,28.982753492378876,6.733401891837359,7.495652173913044,4.1914148395776865
432,1,610,24.698178070456937,6.413458957167357,5.695652173913044,3.0437655382647484
433,1,550,23.45207879911715,6.309918278226516,5.226086956521739,2.7443787640091997
434,1,630,25.099800796022265,6.4457198193855785,5.852173913043479,3.1435611296832646
435,1,460,21.447610589527216,6.131226489483141,4.521739130434782,2.2952986026258757
436,1,690,26.267851073127396,6.536691597591305,6.321739130434782,3.442947903938814
437,1,690,26.267851073127396,6.536691597591305,6.321739130434782,3.442947903938814
438,1,400,20,5.991464547107982,4.052173913043478,1.995911828370327
439,1,890,29.832867780352597,6.7912214627261855,7.886956521739131,4.440903818123977
440,1,830,28.809720581775867,6.721425700790643,7.4173913043478255,4.141517043868428
441,1,580,24.08318915758459,6.363028103540465,5.460869565217391,2.894072151136974
442,1,170,13.038404810405298,5.135798437050262,2.252173913043478,0.8482625270573889
443,1,300,17.320508075688775,5.703782474656201,3.269565217391304,1.4969338712777451
444,1,540,23.2379000772445,6.29156913955832,5.147826086956521,2.694480968299941
445,1,140,11.832159566199232,4.941642422609304,2.017391304347826,0.6985691399296144
446,1,520,22.80350850198276,6.253828811575473,4.991304347826087,2.594685376881425
447,1,430,20.73644135332772,6.063785208687608,4.28695652173913,2.1456052154981013
448,1,270,16.431676725154983,5.598421958998375,3.034782608695652,1.3472404841499706
449,1,270,16.431676725154983,5.598421958998375,3.034782608695652,1.3472404841499706
450,1,820,28.635642126552707,6.709304340258298,7.339130434782609,4.09161924815917
451,1,720,26.832815729997478,6.579251212010101,6.556521739130435,3.5926412910665886
452,1,560,23.664319132398465,6.327936783729195,5.304347826086956,2.794276559718458
453,1,750,27.386127875258307,6.620073206530356,6.791304347826086,3.742334678194363
454,1,520,22.80350850198276,6.253828811575473,4.991304347826087,2.594685376881425
455,1,190,13.784048752090222,5.247024072160486,2.408695652173913,0.9480581184759053
456,1,10,3.1622776601683795,2.302585092994046,1,0.049897795709258175
457,1,630,25.099800796022265,6.4457198193855785,5.852173913043479,3.1435611296832646
458,1,630,25.099800796022265,6.4457198193855785,5.852173913043479,3.1435611296832646
459,1,710,26.645825188948457,6.565264970035361,6.478260869565217,3.54274349535733
460,1,630,25.099800796022265,6.4457198193855785,5.852173913043479,3.1435611296832646
461,1,760,27.568097504180443,6.633318433280377,6.869565217391305,3.792232473903621
462,1,480,21.908902300206645,6.173786103901937,4.678260869565217,2.3950941940443924
463,1,270,16.431676725154983,5.598421958998375,3.034782608695652,1.3472404841499706
464,1,320,17.88854381999832,5.768320995793772,3.426086956521739,1.5967294626962616
465,1,390,19.748417658131498,5.966146739123692,3.9739130434782606,1.9460140326610686
466,1,630,25.099800796022265,6.4457198193855785,5.852173913043479,3.1435611296832646
467,1,210,14.491376746189438,5.3471075307174685,2.5652173913043477,1.0478537098944216
468,1,600,24.49489742783178,6.396929655216146,5.6173913043478265,2.9938677425554903
469,1,600,24.49489742783178,6.396929655216146,5.6173913043478265,2.9938677425554903
470,1,550,23.45207879911715,6.309918278226516,5.226086956521739,2.7443787640091997
471,1,580,24.08318915758459,6.363028103540465,5.460869565217391,2.894072151136974
472,1,270,16.431676725154983,5.598421958998375,3.034782608695652,1.3472404841499706
473,1,510,22.58317958127243,6.234410725718371,4.913043478260869,2.5447875811721667
474,1,340,18.439088914585774,5.8289456176102075,3.5826086956521737,1.6965250541147778
475,1,910,30.166206257996713,6.813444599510896,8.043478260869565,4.540699409542493
476,1,390,19.748417658131498,5.966146739123692,3.9739130434782606,1.9460140326610686
477,1,460,21.447610589527216,6.131226489483141,4.521739130434782,2.2952986026258757
478,1,720,26.832815729997478,6.579251212010101,6.556521739130435,3.5926412910665886
479,1,960,30.983866769659336,6.866933284461882,8.434782608695652,4.790188388088785
480,1,400,20,5.991464547107982,4.052173913043478,1.995911828370327
481,1,490,22.135943621178654,6.194405391104672,4.756521739130434,2.4449919897536505
482,1,430,20.73644135332772,6.063785208687608,4.28695652173913,2.1456052154981013
483,1,130,11.40175425099138,4.867534450455582,1.9391304347826086,0.6486713442203562
484,1,900,30,6.802394763324311,7.965217391304348,4.490801613833235
485,1,180,13.416407864998739,5.19295685089021,2.3304347826086955,0.8981603227666471
486,1,340,18.439088914585774,5.8289456176102075,3.5826086956521737,1.6965250541147778
487,1,790,28.106938645110393,6.672032945461067,7.104347826086956,3.9419258610313954
488,1,430,20.73644135332772,6.063785208687608,4.28695652173913,2.1456052154981013
489,1,240,15.491933384829668,5.480638923341991,2.8,1.1975470970221962
490,1,600,24.49489742783178,6.396929655216146,5.6173913043478265,2.9938677425554903
491,1,520,22.80350850198276,6.253828811575473,4.991304347826087,2.594685376881425
492,1,640,25.298221281347036,6.461468176353717,5.930434782608696,3.193458925392523
493,1,490,22.135943621178654,6.194405391104672,4.756521739130434,2.4449919897536505
494,1,480,21.908902300206645,6.173786103901937,4.678260869565217,2.3950941940443924
495,1,620,24.899799195977465,6.429719478039138,5.773913043478261,3.0936633339740065
496,1,620,24.899799195977465,6.429719478039138,5.773913043478261,3.0936633339740065
497,1,550,23.45207879911715,6.309918278226516,5.226086956521739,2.7443787640091997
498,1,700,26.457513110645905,6.551080335043404,6.4,3.492845699648072
499,1,530,23.021728866442675,6.272877006546167,5.069565217391304,2.644583172590683
500,1,350,18.708286933869708,5.857933154483459,3.660869565217391,1.746422849824036
501,1,680,26.076809620810597,6.522092798170152,6.243478260869566,3.3930501082295557
502,1,530,23.021728866442675,6.272877006546167,5.069565217391304,2.644583172590683
503,1,420,20.493901531919196,6.040254711277414,4.208695652173913,2.0957074197888432
504,1,580,24.08318915758459,6.363028103540465,5.460869565217391,2.894072151136974
505,1,320,17.88854381999832,5.768320995793772,3.426086956521739,1.5967294626962616
506,1,300,17.320508075688775,5.703782474656201,3.269565217391304,1.4969338712777451
507,1,760,27.568097504180443,6.633318433280377,6.869565217391305,3.792232473903621
508,1,650,25.495097567963924,6.476972362889683,6.0086956521739125,3.2433567211017813
509,1,460,21.447610589527216,6.131226489483141,4.521739130434782,2.2952986026258757
510,1,470,21.6794833886788,6.152732694704104,4.6,2.3451963983351343
511,1,480,21.908902300206645,6.173786103901937,4.678260869565217,2.3950941940443924
512,1,120,10.954451150103322,4.787491742782046,1.860869565217392,0.5987735485110981
513,1,640,25.298221281347036,6.461468176353717,5.930434782608696,3.193458925392523
514,1,460,21.447610589527216,6.131226489483141,4.521739130434782,2.2952986026258757
515,1,220,14.832396974191326,5.393627546352362,2.643478260869565,1.0977515056036797
516,1,200,14.142135623730951,5.298317366548036,2.4869565217391303,0.9979559141851635
517,1,100,10,4.605170185988092,1.7043478260869573,0.49897795709258175
518,1,250,15.811388300841896,5.521460917862246,2.878260869565217,1.2474448927314543
519,1,260,16.1245154965971,5.560681631015528,2.9565217391304346,1.2973426884407124
520,1,510,22.58317958127243,6.234410725718371,4.913043478260869,2.5447875811721667
521,1,560,23.664319132398465,6.327936783729195,5.304347826086956,2.794276559718458
522,1,980,31.304951684997057,6.887552571664617,8.591304347826087,4.889983979507301
523,1,210,14.491376746189438,5.3471075307174685,2.5652173913043477,1.0478537098944216
524,1,580,24.08318915758459,6.363028103540465,5.460869565217391,2.894072151136974
525,1,760,27.568097504180443,6.633318433280377,6.869565217391305,3.792232473903621
526,1,490,22.135943621178654,6.194405391104672,4.756521739130434,2.4449919897536505
527,1,570,23.874672772626646,6.345636360828596,5.3826086956521735,2.844174355427716
528,1,490,22.135943621178654,6.194405391104672,4.756521739130434,2.4449919897536505
529,1,350,18.708286933869708,5.857933154483459,3.660869565217391,1.746422849824036
530,1,240,15.491933384829668,5.480638923341991,2.8,1.1975470970221962
531,1,480,21.908902300206645,6.173786103901937,4.678260869565217,2.3950941940443924
532,1,370,19.235384061671343,5.91350300563827,3.817391304347826,1.8462184412425524
533,1,340,18.439088914585774,5.8289456176102075,3.5826086956521737,1.6965250541147778
534,1,570,23.874672772626646,6.345636360828596,5.3826086956521735,2.844174355427716
535,1,660,25.69046515733026,6.492239835020471,6.086956521739131,3.2932545168110394
536,1,290,17.029386365926403,5.66988092298052,3.1913043478260867,1.447036075568487
537,1,620,24.899799195977465,6.429719478039138,5.773913043478261,3.0936633339740065
538,1,580,24.08318915758459,6.363028103540465,5.460869565217391,2.894072151136974
539,1,480,21.908902300206645,6.173786103901937,4.678260869565217,2.3950941940443924
540,1,440,20.97617696340303,6.0867747269123065,4.3652173913043475,2.1955030112073595
541,1,690,26.267851073127396,6.536691597591305,6.321739130434782,3.442947903938814
542,1,260,16.1245154965971,5.560681631015528,2.9565217391304346,1.2973426884407124
543,1,750,27.386127875258307,6.620073206530356,6.791304347826086,3.742334678194363
544,1,410,20.248456731316587,6.016157159698354,4.130434782608695,2.045809624079585
545,1,560,23.664319132398465,6.327936783729195,5.304347826086956,2.794276559718458
546,1,650,25.495097567963924,6.476972362889683,6.0086956521739125,3.2433567211017813
547,1,190,13.784048752090222,5.247024072160486,2.408695652173913,0.9480581184759053
548,1,520,22.80350850198276,6.253828811575473,4.991304347826087,2.594685376881425
549,1,710,26.645825188948457,6.565264970035361,6.478260869565217,3.54274349535733
550,1,270,16.431676725154983,5.598421958998375,3.034782608695652,1.3472404841499706
551,1,650,25.495097567963924,6.476972362889683,6.0086956521739125,3.2433567211017813
552,1,330,18.16590212458495,5.799092654460526,3.5043478260869563,1.6466272584055197
553,1,100,10,4.605170185988092,1.7043478260869573,0.49897795709258175
554,1,520,22.80350850198276,6.253828811575473,4.991304347826087,2.594685376881425
555,1,160,12.649110640673518,5.075173815233827,2.1739130434782608,0.7983647313481308
556,1,780,27.92848008753788,6.659293919683638,7.026086956521739,3.8920280653221373
557,1,310,17.60681686165901,5.736572297479192,3.3478260869565215,1.5468316669870033
558,1,430,20.73644135332772,6.063785208687608,4.28695652173913,2.1456052154981013
559,1,840,28.982753492378876,6.733401891837359,7.495652173913044,4.1914148395776865
560,1,280,16.73320053068151,5.634789603169249,3.1130434782608694,1.397138279859229
561,1,170,13.038404810405298,5.135798437050262,2.252173913043478,0.8482625270573889
562,1,540,23.2379000772445,6.29156913955832,5.147826086956521,2.694480968299941
563,1,520,22.80350850198276,6.253828811575473,4.991304347826087,2.594685376881425
564,1,650,25.495097567963924,6.476972362889683,6.0086956521739125,3.2433567211017813
565,1,460,21.447610589527216,6.131226489483141,4.521739130434782,2.2952986026258757
566,1,510,22.58317958127243,6.234410725718371,4.913043478260869,2.5447875811721667
567,1,170,13.038404810405298,5.135798437050262,2.252173913043478,0.8482625270573889
568,1,330,18.16590212458495,5.799092654460526,3.5043478260869563,1.6466272584055197
569,1,490,22.135943621178654,6.194405391104672,4.756521739130434,2.4449919897536505
570,1,510,22.58317958127243,6.234410725718371,4.913043478260869,2.5447875811721667
571,1,400,20,5.991464547107982,4.052173913043478,1.995911828370327
572,1,460,21.447610589527216,6.131226489483141,4.521739130434782,2.2952986026258757
573,1,280,16.73320053068151,5.634789603169249,3.1130434782608694,1.397138279859229
574,1,460,21.447610589527216,6.131226489483141,4.521739130434782,2.2952986026258757
575,1,360,18.973665961010276,5.886104031450156,3.7391304347826084,1.7963206455332943
576,1,360,18.973665961010276,5.886104031450156,3.7391304347826084,1.7963206455332943
577,1,450,21.213203435596427,6.1092475827643655,4.443478260869565,2.2454008069166176
578,1,300,17.320508075688775,5.703782474656201,3.269565217391304,1.4969338712777451
579,1,490,22.135943621178654,6.194405391104672,4.756521739130434,2.4449919897536505
580,1,620,24.899799195977465,6.429719478039138,5.773913043478261,3.0936633339740065
581,1,100,10,4.605170185988092,1.7043478260869573,0.49897795709258175
582,1,450,21.213203435596427,6.1092475827643655,4.443478260869565,2.2454008069166176
583,1,240,15.491933384829668,5.480638923341991,2.8,1.1975470970221962
584,1,640,25.298221281347036,6.461468176353717,5.930434782608696,3.193458925392523
585,1,650,25.495097567963924,6.476972362889683,6.0086956521739125,3.2433567211017813
586,1,550,23.45207879911715,6.309918278226516,5.226086956521739,2.7443787640091997
587,1,420,20.493901531919196,6.040254711277414,4.208695652173913,2.0957074197888432
588,1,350,18.708286933869708,5.857933154483459,3.660869565217391,1.746422849824036
589,1,620,24.899799195977465,6.429719478039138,5.773913043478261,3.0936633339740065
590,1,310,17.60681686165901,5.736572297479192,3.3478260869565215,1.5468316669870033
591,1,630,25.099800796022265,6.4457198193855785,5.852173913043479,3.1435611296832646
592,1,290,17.029386365926403,5.66988092298052,3.1913043478260867,1.447036075568487
593,1,600,24.49489742783178,6.396929655216146,5.6173913043478265,2.9938677425554903
594,1,420,20.493901531919196,6.040254711277414,4.208695652173913,2.0957074197888432
595,1,350,18.708286933869708,5.857933154483459,3.660869565217391,1.746422849824036
596,1,740,27.202941017470888,6.606650186198215,6.71304347826087,3.692436882485105
597,1,600,24.49489742783178,6.396929655216146,5.6173913043478265,2.9938677425554903
598,1,260,16.1245154965971,5.560681631015528,2.9565217391304346,1.2973426884407124
599,1,560,23.664319132398465,6.327936783729195,5.304347826086956,2.794276559718458
600,1,740,27.202941017470888,6.606650186198215,6.71304347826087,3.692436882485105
601,1,650,25.495097567963924,6.476972362889683,6.0086956521739125,3.2433567211017813
602,1,790,28.106938645110393,6.672032945461067,7.104347826086956,3.9419258610313954
603,1,200,14.142135623730951,5.298317366548036,2.4869565217391303,0.9979559141851635
604,1,700,26.457513110645905,6.551080335043404,6.4,3.492845699648072
605,1,650,25.495097567963924,6.476972362889683,6.0086956521739125,3.2433567211017813
606,1,190,13.784048752090222,5.247024072160486,2.408695652173913,0.9480581184759053
607,1,1020,31.937438845342623,6.927557906278317,8.904347826086957,5.0895751623443335
608,1,620,24.899799195977465,6.429719478039138,5.773913043478261,3.0936633339740065
609,1,230,15.165750888103101,5.438079308923196,2.7217391304347824,1.1476493013129379
610,1,450,21.213203435596427,6.1092475827643655,4.443478260869565,2.2454008069166176
611,1,670,25.88435821108957,6.507277712385012,6.165217391304347,3.3431523125202975
612,1,440,20.97617696340303,6.0867747269123065,4.3652173913043475,2.1955030112073595
613,1,430,20.73644135332772,6.063785208687608,4.28695652173913,2.1456052154981013
614,1,210,14.491376746189438,5.3471075307174685,2.5652173913043477,1.0478537098944216
615,1,110,10.488088481701515,4.700480365792417,1.7826086956521738,0.5488757528018399
616,1,550,23.45207879911715,6.309918278226516,5.226086956521739,2.7443787640091997
617,1,910,30.166206257996713,6.813444599510896,8.043478260869565,4.540699409542493
618,1,550,23.45207879911715,6.309918278226516,5.226086956521739,2.7443787640091997
619,1,660,25.69046515733026,6.492239835020471,6.086956521739131,3.2932545168110394
620,1,160,12.649110640673518,5.075173815233827,2.1739130434782608,0.7983647313481308
621,1,240,15.491933384829668,5.480638923341991,2.8,1.1975470970221962
622,1,620,24.899799195977465,6.429719478039138,5.773913043478261,3.0936633339740065
623,1,350,18.708286933869708,5.857933154483459,3.660869565217391,1.746422849824036
624,1,730,27.018512172212592,6.593044534142437,6.634782608695652,3.6425390867758467
625,1,330,18.16590212458495,5.799092654460526,3.5043478260869563,1.6466272584055197
626,1,530,23.021728866442675,6.272877006546167,5.069565217391304,2.644583172590683
627,1,380,19.493588689617926,5.940171252720432,3.895652173913043,1.8961162369518105
628,1,780,27.92848008753788,6.659293919683638,7.026086956521739,3.8920280653221373
629,1,240,15.491933384829668,5.480638923341991,2.8,1.1975470970221962
630,1,250,15.811388300841896,5.521460917862246,2.878260869565217,1.2474448927314543
631,1,110,10.488088481701515,4.700480365792417,1.7826086956521738,0.5488757528018399
632,1,560,23.664319132398465,6.327936783729195,5.304347826086956,2.794276559718458
633,1,190,13.784048752090222,5.247024072160486,2.408695652173913,0.9480581184759053
634,1,220,14.832396974191326,5.393627546352362,2.643478260869565,1.0977515056036797
635,1,290,17.029386365926403,5.66988092298052,3.1913043478260867,1.447036075568487
636,1,550,23.45207879911715,6.309918278226516,5.226086956521739,2.7443787640091997
637,1,360,18.973665961010276,5.886104031450156,3.7391304347826084,1.7963206455332943
638,1,390,19.748417658131498,5.966146739123692,3.9739130434782606,1.9460140326610686
639,1,180,13.416407864998739,5.19295685089021,2.3304347826086955,0.8981603227666471
640,1,390,19.748417658131498,5.966146739123692,3.9739130434782606,1.9460140326610686
641,1,420,20.493901531919196,6.040254711277414,4.208695652173913,2.0957074197888432
642,1,820,28.635642126552707,6.709304340258298,7.339130434782609,4.09161924815917
643,1,250,15.811388300841896,5.521460917862246,2.878260869565217,1.2474448927314543
644,1,740,27.202941017470888,6.606650186198215,6.71304347826087,3.692436882485105
645,1,450,21.213203435596427,6.1092475827643655,4.443478260869565,2.2454008069166176
646,1,450,21.213203435596427,6.1092475827643655,4.443478260869565,2.2454008069166176
647,1,450,21.213203435596427,6.1092475827643655,4.443478260869565,2.2454008069166176
648,1,890,29.832867780352597,6.7912214627261855,7.886956521739131,4.440903818123977
649,1,360,18.973665961010276,5.886104031450156,3.7391304347826084,1.7963206455332943
650,1,300,17.320508075688775,5.703782474656201,3.269565217391304,1.4969338712777451
651,1,600,24.49489742783178,6.396929655216146,5.6173913043478265,2.9938677425554903
652,1,1040,32.2490309931942,6.946975992135418,9.060869565217391,5.18937075376285
653,1,320,17.88854381999832,5.768320995793772,3.426086956521739,1.5967294626962616
654,1,500,22.360679774997898,6.214608098422191,4.834782608695652,2.4948897854629086
655,1,410,20.248456731316587,6.016157159698354,4.130434782608695,2.045809624079585
656,1,1040,32.2490309931942,6.946975992135418,9.060869565217391,5.18937075376285
657,1,460,21.447610589527216,6.131226489483141,4.521739130434782,2.2952986026258757
658,1,390,19.748417658131498,5.966146739123692,3.9739130434782606,1.9460140326610686
659,1,480,21.908902300206645,6.173786103901937,4.678260869565217,2.3950941940443924
660,1,500,22.360679774997898,6.214608098422191,4.834782608695652,2.4948897854629086
661,1,510,22.58317958127243,6.234410725718371,4.913043478260869,2.5447875811721667
662,1,360,18.973665961010276,5.886104031450156,3.7391304347826084,1.7963206455332943
663,1,470,21.6794833886788,6.152732694704104,4.6,2.3451963983351343
664,1,350,18.708286933869708,5.857933154483459,3.660869565217391,1.746422849824036
665,1,510,22.58317958127243,6.234410725718371,4.913043478260869,2.5447875811721667
666,1,240,15.491933384829668,5.480638923341991,2.8,1.1975470970221962
667,1,720,26.832815729997478,6.579251212010101,6.556521739130435,3.5926412910665886
668,1,440,20.97617696340303,6.0867747269123065,4.3652173913043475,2.1955030112073595
669,1,380,19.493588689617926,5.940171252720432,3.895652173913043,1.8961162369518105
670,1,470,21.6794833886788,6.152732694704104,4.6,2.3451963983351343
671,1,350,18.708286933869708,5.857933154483459,3.660869565217391,1.746422849824036
672,1,600,24.49489742783178,6.396929655216146,5.6173913043478265,2.9938677425554903
673,1,680,26.076809620810597,6.522092798170152,6.243478260869566,3.3930501082295557
674,1,410,20.248456731316587,6.016157159698354,4.130434782608695,2.045809624079585
675,1,500,22.360679774997898,6.214608098422191,4.834782608695652,2.4948897854629086
676,1,470,21.6794833886788,6.152732694704104,4.6,2.3451963983351343
677,1,430,20.73644135332772,6.063785208687608,4.28695652173913,2.1456052154981013
678,1,120,10.954451150103322,4.787491742782046,1.860869565217392,0.5987735485110981
679,1,230,15.165750888103101,5.438079308923196,2.7217391304347824,1.1476493013129379
680,1,440,20.97617696340303,6.0867747269123065,4.3652173913043475,2.1955030112073595
681,1,680,26.076809620810597,6.522092798170152,6.243478260869566,3.3930501082295557
682,1,520,22.80350850198276,6.253828811575473,4.991304347826087,2.594685376881425
683,1,770,27.748873851023216,6.646390514847729,6.947826086956521,3.842130269612879
684,1,390,19.748417658131498,5.966146739123692,3.9739130434782606,1.9460140326610686
685,1,400,20,5.991464547107982,4.052173913043478,1.995911828370327
686,1,260,16.1245154965971,5.560681631015528,2.9565217391304346,1.2973426884407124
687,1,300,17.320508075688775,5.703782474656201,3.269565217391304,1.4969338712777451
688,1,550,23.45207879911715,6.309918278226516,5.226086956521739,2.7443787640091997
689,1,540,23.2379000772445,6.29156913955832,5.147826086956521,2.694480968299941
690,1,640,25.298221281347036,6.461468176353717,5.930434782608696,3.193458925392523
691,1,270,16.431676725154983,5.598421958998375,3.034782608695652,1.3472404841499706
692,1,470,21.6794833886788,6.152732694704104,4.6,2.3451963983351343
693,1,480,21.908902300206645,6.173786103901937,4.678260869565217,2.3950941940443924
694,1,900,30,6.802394763324311,7.965217391304348,4.490801613833235
695,1,680,26.076809620810597,6.522092798170152,6.243478260869566,3.3930501082295557
696,1,800,28.284271247461902,6.684611727667927,7.182608695652174,3.991823656740654
697,1,250,15.811388300841896,5.521460917862246,2.878260869565217,1.2474448927314543
698,1,460,21.447610589527216,6.131226489483141,4.521739130434782,2.2952986026258757
699,1,880,29.664793948382652,6.779921907472252,7.808695652173913,4.391006022414719
700,1,770,27.748873851023216,6.646390514847729,6.947826086956521,3.842130269612879
701,1,320,17.88854381999832,5.768320995793772,3.426086956521739,1.5967294626962616
702,1,740,27.202941017470888,6.606650186198215,6.71304347826087,3.692436882485105
703,1,770,27.748873851023216,6.646390514847729,6.947826086956521,3.842130269612879
704,1,460,21.447610589527216,6.131226489483141,4.521739130434782,2.2952986026258757
705,1,350,18.708286933869708,5.857933154483459,3.660869565217391,1.746422849824036
706,1,610,24.698178070456937,6.413458957167357,5.695652173913044,3.0437655382647484
707,1,140,11.832159566199232,4.941642422609304,2.017391304347826,0.6985691399296144
708,1,580,24.08318915758459,6.363028103540465,5.460869565217391,2.894072151136974
709,1,680,26.076809620810597,6.522092798170152,6.243478260869566,3.3930501082295557
710,1,270,16.431676725154983,5.598421958998375,3.034782608695652,1.3472404841499706
711,1,450,21.213203435596427,6.1092475827643655,4.443478260869565,2.2454008069166176
712,1,860,29.32575659723036,6.756932389247553,7.6521739130434785,4.291210430996203
713,1,540,23.2379000772445,6.29156913955832,5.147826086956521,2.694480968299941
714,1,270,16.431676725154983,5.598421958998375,3.034782608695652,1.3472404841499706
715,1,620,24.899799195977465,6.429719478039138,5.773913043478261,3.0936633339740065
716,1,290,17.029386365926403,5.66988092298052,3.1913043478260867,1.447036075568487
717,1,1020,31.937438845342623,6.927557906278317,8.904347826086957,5.0895751623443335
718,1,540,23.2379000772445,6.29156913955832,5.147826086956521,2.694480968299941
719,1,350,18.708286933869708,5.857933154483459,3.660869565217391,1.746422849824036
720,1,620,24.899799195977465,6.429719478039138,5.773913043478261,3.0936633339740065
721,1,910,30.166206257996713,6.813444599510896,8.043478260869565,4.540699409542493
722,1,630,25.099800796022265,6.4457198193855785,5.852173913043479,3.1435611296832646
723,1,650,25.495097567963924,6.476972362889683,6.0086956521739125,3.2433567211017813
724,1,480,21.908902300206645,6.173786103901937,4.678260869565217,2.3950941940443924
725,1,550,23.45207879911715,6.309918278226516,5.226086956521739,2.7443787640091997
726,1,360,18.973665961010276,5.886104031450156,3.7391304347826084,1.7963206455332943
727,1,570,23.874672772626646,6.345636360828596,5.3826086956521735,2.844174355427716
728,1,120,10.954451150103322,4.787491742782046,1.860869565217392,0.5987735485110981
729,1,550,23.45207879911715,6.309918278226516,5.226086956521739,2.7443787640091997
730,1,320,17.88854381999832,5.768320995793772,3.426086956521739,1.5967294626962616
731,1,720,26.832815729997478,6.579251212010101,6.556521739130435,3.5926412910665886
732,1,290,17.029386365926403,5.66988092298052,3.1913043478260867,1.447036075568487
733,1,290,17.029386365926403,5.66988092298052,3.1913043478260867,1.447036075568487
734,1,380,19.493588689617926,5.940171252720432,3.895652173913043,1.8961162369518105
735,1,440,20.97617696340303,6.0867747269123065,4.3652173913043475,2.1955030112073595
736,1,720,26.832815729997478,6.579251212010101,6.556521739130435,3.5926412910665886
737,1,460,21.447610589527216,6.131226489483141,4.521739130434782,2.2952986026258757
738,1,430,20.73644135332772,6.063785208687608,4.28695652173913,2.1456052154981013
739,1,580,24.08318915758459,6.363028103540465,5.460869565217391,2.894072151136974
740,1,750,27.386127875258307,6.620073206530356,6.791304347826086,3.742334678194363
741,1,440,20.97617696340303,6.0867747269123065,4.3652173913043475,2.1955030112073595
742,1,630,25.099800796022265,6.4457198193855785,5.852173913043479,3.1435611296832646
743,1,410,20.248456731316587,6.016157159698354,4.130434782608695,2.045809624079585
744,1,740,27.202941017470888,6.606650186198215,6.71304347826087,3.692436882485105
745,1,430,20.73644135332772,6.063785208687608,4.28695652173913,2.1456052154981013
746,1,400,20,5.991464547107982,4.052173913043478,1.995911828370327
747,1,560,23.664319132398465,6.327936783729195,5.304347826086956,2.794276559718458
748,1,1000,31.622776601683793,6.907755278982137,8.747826086956522,4.989779570925817
749,1,180,13.416407864998739,5.19295685089021,2.3304347826086955,0.8981603227666471
750,1,780,27.92848008753788,6.659293919683638,7.026086956521739,3.8920280653221373
751,1,150,12.24744871391589,5.0106352940962555,2.0956521739130434,0.7484669356388726
752,1,570,23.874672772626646,6.345636360828596,5.3826086956521735,2.844174355427716
753,1,350,18.708286933869708,5.857933154483459,3.660869565217391,1.746422849824036
754,1,490,22.135943621178654,6.194405391104672,4.756521739130434,2.4449919897536505
755,1,660,25.69046515733026,6.492239835020471,6.086956521739131,3.2932545168110394
756,1,330,18.16590212458495,5.799092654460526,3.5043478260869563,1.6466272584055197
757,1,780,27.92848008753788,6.659293919683638,7.026086956521739,3.8920280653221373
758,1,750,27.386127875258307,6.620073206530356,6.791304347826086,3.742334678194363
759,1,430,20.73644135332772,6.063785208687608,4.28695652173913,2.1456052154981013
760,1,530,23.021728866442675,6.272877006546167,5.069565217391304,2.644583172590683
761,1,70,8.366600265340756,4.248495242049359,1.4695652173913043,0.3492845699648072
762,1,330,18.16590212458495,5.799092654460526,3.5043478260869563,1.6466272584055197
763,1,240,15.491933384829668,5.480638923341991,2.8,1.1975470970221962
764,1,240,15.491933384829668,5.480638923341991,2.8,1.1975470970221962
765,1,320,17.88854381999832,5.768320995793772,3.426086956521739,1.5967294626962616
766,1,400,20,5.991464547107982,4.052173913043478,1.995911828370327
767,1,490,22.135943621178654,6.194405391104672,4.756521739130434,2.4449919897536505
768,1,730,27.018512172212592,6.593044534142437,6.634782608695652,3.6425390867758467
769,1,570,23.874672772626646,6.345636360828596,5.3826086956521735,2.844174355427716
770,1,680,26.076809620810597,6.522092798170152,6.243478260869566,3.3930501082295557
771,1,780,27.92848008753788,6.659293919683638,7.026086956521739,3.8920280653221373
772,1,330,18.16590212458495,5.799092654460526,3.5043478260869563,1.6466272584055197
773,1,1150,33.91164991562634,7.047517221357296,9.921739130434782,5.73824650656469
774,1,470,21.6794833886788,6.152732694704104,4.6,2.3451963983351343
775,1,350,18.708286933869708,5.857933154483459,3.660869565217391,1.746422849824036
776,1,40,6.324555320336759,3.6888794541139363,1.234782608695653,0.1995911828370327
777,1,280,16.73320053068151,5.634789603169249,3.1130434782608694,1.397138279859229
778,1,510,22.58317958127243,6.234410725718371,4.913043478260869,2.5447875811721667
779,1,460,21.447610589527216,6.131226489483141,4.521739130434782,2.2952986026258757
780,1,270,16.431676725154983,5.598421958998375,3.034782608695652,1.3472404841499706
781,1,690,26.267851073127396,6.536691597591305,6.321739130434782,3.442947903938814
782,1,560,23.664319132398465,6.327936783729195,5.304347826086956,2.794276559718458
783,1,570,23.874672772626646,6.345636360828596,5.3826086956521735,2.844174355427716
784,1,660,25.69046515733026,6.492239835020471,6.086956521739131,3.2932545168110394
785,1,520,22.80350850198276,6.253828811575473,4.991304347826087,2.594685376881425
786,1,700,26.457513110645905,6.551080335043404,6.4,3.492845699648072
787,1,320,17.88854381999832,5.768320995793772,3.426086956521739,1.5967294626962616
788,1,110,10.488088481701515,4.700480365792417,1.7826086956521738,0.5488757528018399
789,1,330,18.16590212458495,5.799092654460526,3.5043478260869563,1.6466272584055197
790,1,630,25.099800796022265,6.4457198193855785,5.852173913043479,3.1435611296832646
791,1,650,25.495097567963924,6.476972362889683,6.0086956521739125,3.2433567211017813
792,1,340,18.439088914585774,5.8289456176102075,3.5826086956521737,1.6965250541147778
793,1,700,26.457513110645905,6.551080335043404,6.4,3.492845699648072
794,1,530,23.021728866442675,6.272877006546167,5.069565217391304,2.644583172590683
795,1,910,30.166206257996713,6.813444599510896,8.043478260869565,4.540699409542493
796,1,570,23.874672772626646,6.345636360828596,5.3826086956521735,2.844174355427716
797,1,370,19.235384061671343,5.91350300563827,3.817391304347826,1.8462184412425524
798,1,510,22.58317958127243,6.234410725718371,4.913043478260869,2.5447875811721667
799,1,320,17.88854381999832,5.768320995793772,3.426086956521739,1.5967294626962616
800,1,660,25.69046515733026,6.492239835020471,6.086956521739131,3.2932545168110394
801,1,630,25.099800796022265,6.4457198193855785,5.852173913043479,3.1435611296832646
802,1,460,21.447610589527216,6.131226489483141,4.521739130434782,2.2952986026258757
803,1,470,21.6794833886788,6.152732694704104,4.6,2.3451963983351343
804,1,390,19.748417658131498,5.966146739123692,3.9739130434782606,1.9460140326610686
805,1,590,24.289915602982237,6.380122536899765,5.539130434782609,2.943969946846232
806,1,200,14.142135623730951,5.298317366548036,2.4869565217391303,0.9979559141851635
807,1,750,27.386127875258307,6.620073206530356,6.791304347826086,3.742334678194363
808,1,440,20.97617696340303,6.0867747269123065,4.3652173913043475,2.1955030112073595
809,1,600,24.49489742783178,6.396929655216146,5.6173913043478265,2.9938677425554903
810,1,530,23.021728866442675,6.272877006546167,5.069565217391304,2.644583172590683
811,1,410,20.248456731316587,6.016157159698354,4.130434782608695,2.045809624079585
812,1,530,23.021728866442675,6.272877006546167,5.069565217391304,2.644583172590683
813,1,560,23.664319132398465,6.327936783729195,5.304347826086956,2.794276559718458
814,1,630,25.099800796022265,6.4457198193855785,5.852173913043479,3.1435611296832646
815,1,430,20.73644135332772,6.063785208687608,4.28695652173913,2.1456052154981013
816,1,760,27.568097504180443,6.633318433280377,6.869565217391305,3.792232473903621
817,1,630,25.099800796022265,6.4457198193855785,5.852173913043479,3.1435611296832646
818,1,150,12.24744871391589,5.0106352940962555,2.0956521739130434,0.7484669356388726
819,1,440,20.97617696340303,6.0867747269123065,4.3652173913043475,2.1955030112073595
820,1,370,19.235384061671343,5.91350300563827,3.817391304347826,1.8462184412425524
821,1,450,21.213203435596427,6.1092475827643655,4.443478260869565,2.2454008069166176
822,1,310,17.60681686165901,5.736572297479192,3.3478260869565215,1.5468316669870033
823,1,220,14.832396974191326,5.393627546352362,2.643478260869565,1.0977515056036797
824,1,600,24.49489742783178,6.396929655216146,5.6173913043478265,2.9938677425554903
825,1,510,22.58317958127243,6.234410725718371,4.913043478260869,2.5447875811721667
826,1,660,25.69046515733026,6.492239835020471,6.086956521739131,3.2932545168110394
827,1,840,28.982753492378876,6.733401891837359,7.495652173913044,4.1914148395776865
828,1,780,27.92848008753788,6.659293919683638,7.026086956521739,3.8920280653221373
829,1,470,21.6794833886788,6.152732694704104,4.6,2.3451963983351343
830,1,330,18.16590212458495,5.799092654460526,3.5043478260869563,1.6466272584055197
831,1,520,22.80350850198276,6.253828811575473,4.991304347826087,2.594685376881425
832,1,550,23.45207879911715,6.309918278226516,5.226086956521739,2.7443787640091997
833,1,350,18.708286933869708,5.857933154483459,3.660869565217391,1.746422849824036
834,1,770,27.748873851023216,6.646390514847729,6.947826086956521,3.842130269612879
835,1,800,28.284271247461902,6.684611727667927,7.182608695652174,3.991823656740654
836,1,700,26.457513110645905,6.551080335043404,6.4,3.492845699648072
837,1,630,25.099800796022265,6.4457198193855785,5.852173913043479,3.1435611296832646
838,1,380,19.493588689617926,5.940171252720432,3.895652173913043,1.8961162369518105
839,1,1160,34.058772731852805,7.05617528410041,10,5.788144302273948
840,1,520,22.80350850198276,6.253828811575473,4.991304347826087,2.594685376881425
841,1,580,24.08318915758459,6.363028103540465,5.460869565217391,2.894072151136974
842,1,430,20.73644135332772,6.063785208687608,4.28695652173913,2.1456052154981013
843,1,260,16.1245154965971,5.560681631015528,2.9565217391304346,1.2973426884407124
844,1,590,24.289915602982237,6.380122536899765,5.539130434782609,2.943969946846232
845,1,550,23.45207879911715,6.309918278226516,5.226086956521739,2.7443787640091997
846,1,340,18.439088914585774,5.8289456176102075,3.5826086956521737,1.6965250541147778
847,1,580,24.08318915758459,6.363028103540465,5.460869565217391,2.894072151136974
848,1,490,22.135943621178654,6.194405391104672,4.756521739130434,2.4449919897536505
849,1,240,15.491933384829668,5.480638923341991,2.8,1.1975470970221962
850,1,370,19.235384061671343,5.91350300563827,3.817391304347826,1.8462184412425524
851,1,430,20.73644135332772,6.063785208687608,4.28695652173913,2.1456052154981013
852,1,300,17.320508075688775,5.703782474656201,3.269565217391304,1.4969338712777451
853,1,450,21.213203435596427,6.1092475827643655,4.443478260869565,2.2454008069166176
854,1,470,21.6794833886788,6.152732694704104,4.6,2.3451963983351343
855,1,450,21.213203435596427,6.1092475827643655,4.443478260869565,2.2454008069166176
856,1,740,27.202941017470888,6.606650186198215,6.71304347826087,3.692436882485105
857,1,230,15.165750888103101,5.438079308923196,2.7217391304347824,1.1476493013129379
858,1,510,22.58317958127243,6.234410725718371,4.913043478260869,2.5447875811721667
859,1,390,19.748417658131498,5.966146739123692,3.9739130434782606,1.9460140326610686
860,1,480,21.908902300206645,6.173786103901937,4.678260869565217,2.3950941940443924
861,1,640,25.298221281347036,6.461468176353717,5.930434782608696,3.193458925392523
862,1,420,20.493901531919196,6.040254711277414,4.208695652173913,2.0957074197888432
863,1,310,17.60681686165901,5.736572297479192,3.3478260869565215,1.5468316669870033
864,1,420,20.493901531919196,6.040254711277414,4.208695652173913,2.0957074197888432
865,1,550,23.45207879911715,6.309918278226516,5.226086956521739,2.7443787640091997
866,1,630,25.099800796022265,6.4457198193855785,5.852173913043479,3.1435611296832646
867,1,670,25.88435821108957,6.507277712385012,6.165217391304347,3.3431523125202975
868,1,530,23.021728866442675,6.272877006546167,5.069565217391304,2.644583172590683
869,1,310,17.60681686165901,5.736572297479192,3.3478260869565215,1.5468316669870033
870,1,140,11.832159566199232,4.941642422609304,2.017391304347826,0.6985691399296144
871,1,90,9.486832980505138,4.499809670330265,1.626086956521739,0.4490801613833236
872,1,430,20.73644135332772,6.063785208687608,4.28695652173913,2.1456052154981013
873,1,240,15.491933384829668,5.480638923341991,2.8,1.1975470970221962
874,1,730,27.018512172212592,6.593044534142437,6.634782608695652,3.6425390867758467
875,1,460,21.447610589527216,6.131226489483141,4.521739130434782,2.2952986026258757
876,1,60,7.745966692414834,4.0943445622221,1.3913043478260878,0.29938677425554905
877,1,490,22.135943621178654,6.194405391104672,4.756521739130434,2.4449919897536505
878,1,680,26.076809620810597,6.522092798170152,6.243478260869566,3.3930501082295557
879,1,230,15.165750888103101,5.438079308923196,2.7217391304347824,1.1476493013129379
880,1,620,24.899799195977465,6.429719478039138,5.773913043478261,3.0936633339740065
881,1,550,23.45207879911715,6.309918278226516,5.226086956521739,2.7443787640091997
882,1,540,23.2379000772445,6.29156913955832,5.147826086956521,2.694480968299941
883,1,660,25.69046515733026,6.492239835020471,6.086956521739131,3.2932545168110394
884,1,320,17.88854381999832,5.768320995793772,3.426086956521739,1.5967294626962616
885,1,390,19.748417658131498,5.966146739123692,3.9739130434782606,1.9460140326610686
886,1,680,26.076809620810597,6.522092798170152,6.243478260869566,3.3930501082295557
887,1,770,27.748873851023216,6.646390514847729,6.947826086956521,3.842130269612879
888,1,760,27.568097504180443,6.633318433280377,6.869565217391305,3.792232473903621
889,1,640,25.298221281347036,6.461468176353717,5.930434782608696,3.193458925392523
890,1,260,16.1245154965971,5.560681631015528,2.9565217391304346,1.2973426884407124
891,1,730,27.018512172212592,6.593044534142437,6.634782608695652,3.6425390867758467
892,1,610,24.698178070456937,6.413458957167357,5.695652173913044,3.0437655382647484
893,1,340,18.439088914585774,5.8289456176102075,3.5826086956521737,1.6965250541147778
894,1,200,14.142135623730951,5.298317366548036,2.4869565217391303,0.9979559141851635
895,1,310,17.60681686165901,5.736572297479192,3.3478260869565215,1.5468316669870033
896,1,510,22.58317958127243,6.234410725718371,4.913043478260869,2.5447875811721667
897,1,750,27.386127875258307,6.620073206530356,6.791304347826086,3.742334678194363
898,1,300,17.320508075688775,5.703782474656201,3.269565217391304,1.4969338712777451
899,1,100,10,4.605170185988092,1.7043478260869573,0.49897795709258175
900,1,530,23.021728866442675,6.272877006546167,5.069565217391304,2.644583172590683
901,1,840,28.982753492378876,6.733401891837359,7.495652173913044,4.1914148395776865
902,1,10,3.1622776601683795,2.302585092994046,1,0.049897795709258175
903,1,90,9.486832980505138,4.499809670330265,1.626086956521739,0.4490801613833236
904,1,700,26.457513110645905,6.551080335043404,6.4,3.492845699648072
905,1,610,24.698178070456937,6.413458957167357,5.695652173913044,3.0437655382647484
906,1,480,21.908902300206645,6.173786103901937,4.678260869565217,2.3950941940443924
907,1,790,28.106938645110393,6.672032945461067,7.104347826086956,3.9419258610313954
908,1,640,25.298221281347036,6.461468176353717,5.930434782608696,3.193458925392523
909,1,460,21.447610589527216,6.131226489483141,4.521739130434782,2.2952986026258757
910,1,580,24.08318915758459,6.363028103540465,5.460869565217391,2.894072151136974
911,1,550,23.45207879911715,6.309918278226516,5.226086956521739,2.7443787640091997
912,1,680,26.076809620810597,6.522092798170152,6.243478260869566,3.3930501082295557
913,1,530,23.021728866442675,6.272877006546167,5.069565217391304,2.644583172590683
914,1,670,25.88435821108957,6.507277712385012,6.165217391304347,3.3431523125202975
915,1,330,18.16590212458495,5.799092654460526,3.5043478260869563,1.6466272584055197
916,1,600,24.49489742783178,6.396929655216146,5.6173913043478265,2.9938677425554903
917,1,720,26.832815729997478,6.579251212010101,6.556521739130435,3.5926412910665886
918,1,490,22.135943621178654,6.194405391104672,4.756521739130434,2.4449919897536505
919,1,240,15.491933384829668,5.480638923341991,2.8,1.1975470970221962
920,1,420,20.493901531919196,6.040254711277414,4.208695652173913,2.0957074197888432
921,1,250,15.811388300841896,5.521460917862246,2.878260869565217,1.2474448927314543
922,1,540,23.2379000772445,6.29156913955832,5.147826086956521,2.694480968299941
923,1,760,27.568097504180443,6.633318433280377,6.869565217391305,3.792232473903621
924,1,380,19.493588689617926,5.940171252720432,3.895652173913043,1.8961162369518105
925,1,110,10.488088481701515,4.700480365792417,1.7826086956521738,0.5488757528018399
926,1,360,18.973665961010276,5.886104031450156,3.7391304347826084,1.7963206455332943
927,1,660,25.69046515733026,6.492239835020471,6.086956521739131,3.2932545168110394
928,1,600,24.49489742783178,6.396929655216146,5.6173913043478265,2.9938677425554903
929,1,660,25.69046515733026,6.492239835020471,6.086956521739131,3.2932545168110394
930,1,660,25.69046515733026,6.492239835020471,6.086956521739131,3.2932545168110394
931,1,390,19.748417658131498,5.966146739123692,3.9739130434782606,1.9460140326610686
932,1,650,25.495097567963924,6.476972362889683,6.0086956521739125,3.2433567211017813
933,1,470,21.6794833886788,6.152732694704104,4.6,2.3451963983351343
934,1,180,13.416407864998739,5.19295685089021,2.3304347826086955,0.8981603227666471
935,1,780,27.92848008753788,6.659293919683638,7.026086956521739,3.8920280653221373
936,1,560,23.664319132398465,6.327936783729195,5.304347826086956,2.794276559718458
937,1,480,21.908902300206645,6.173786103901937,4.678260869565217,2.3950941940443924
938,1,610,24.698178070456937,6.413458957167357,5.695652173913044,3.0437655382647484
939,1,550,23.45207879911715,6.309918278226516,5.226086956521739,2.7443787640091997
940,1,430,20.73644135332772,6.063785208687608,4.28695652173913,2.1456052154981013
941,1,480,21.908902300206645,6.173786103901937,4.678260869565217,2.3950941940443924
942,1,590,24.289915602982237,6.380122536899765,5.539130434782609,2.943969946846232
943,1,500,22.360679774997898,6.214608098422191,4.834782608695652,2.4948897854629086
944,1,200,14.142135623730951,5.298317366548036,2.4869565217391303,0.9979559141851635
945,1,270,16.431676725154983,5.598421958998375,3.034782608695652,1.3472404841499706
946,1,450,21.213203435596427,6.1092475827643655,4.443478260869565,2.2454008069166176
947,1,650,25.495097567963924,6.476972362889683,6.0086956521739125,3.2433567211017813
948,1,380,19.493588689617926,5.940171252720432,3.895652173913043,1.8961162369518105
949,1,300,17.320508075688775,5.703782474656201,3.269565217391304,1.4969338712777451
950,1,530,23.021728866442675,6.272877006546167,5.069565217391304,2.644583172590683
951,1,380,19.493588689617926,5.940171252720432,3.895652173913043,1.8961162369518105
952,1,640,25.298221281347036,6.461468176353717,5.930434782608696,3.193458925392523
953,1,340,18.439088914585774,5.8289456176102075,3.5826086956521737,1.6965250541147778
954,1,440,20.97617696340303,6.0867747269123065,4.3652173913043475,2.1955030112073595
955,1,560,23.664319132398465,6.327936783729195,5.304347826086956,2.794276559718458
956,1,730,27.018512172212592,6.593044534142437,6.634782608695652,3.6425390867758467
957,1,490,22.135943621178654,6.194405391104672,4.756521739130434,2.4449919897536505
958,1,530,23.021728866442675,6.272877006546167,5.069565217391304,2.644583172590683
959,1,270,16.431676725154983,5.598421958998375,3.034782608695652,1.3472404841499706
960,1,450,21.213203435596427,6.1092475827643655,4.443478260869565,2.2454008069166176
961,1,650,25.495097567963924,6.476972362889683,6.0086956521739125,3.2433567211017813
962,1,420,20.493901531919196,6.040254711277414,4.208695652173913,2.0957074197888432
963,1,450,21.213203435596427,6.1092475827643655,4.443478260869565,2.2454008069166176
964,1,510,22.58317958127243,6.234410725718371,4.913043478260869,2.5447875811721667
965,1,630,25.099800796022265,6.4457198193855785,5.852173913043479,3.1435611296832646
966,1,1000,31.622776601683793,6.907755278982137,8.747826086956522,4.989779570925817
967,1,800,28.284271247461902,6.684611727667927,7.182608695652174,3.991823656740654
968,1,820,28.635642126552707,6.709304340258298,7.339130434782609,4.09161924815917
969,1,580,24.08318915758459,6.363028103540465,5.460869565217391,2.894072151136974
970,1,710,26.645825188948457,6.565264970035361,6.478260869565217,3.54274349535733
971,1,480,21.908902300206645,6.173786103901937,4.678260869565217,2.3950941940443924
972,1,540,23.2379000772445,6.29156913955832,5.147826086956521,2.694480968299941
973,1,500,22.360679774997898,6.214608098422191,4.834782608695652,2.4948897854629086
974,1,760,27.568097504180443,6.633318433280377,6.869565217391305,3.792232473903621
975,1,420,20.493901531919196,6.040254711277414,4.208695652173913,2.0957074197888432
976,1,240,15.491933384829668,5.480638923341991,2.8,1.1975470970221962
977,1,420,20.493901531919196,6.040254711277414,4.208695652173913,2.0957074197888432
978,1,680,26.076809620810597,6.522092798170152,6.243478260869566,3.3930501082295557
979,1,270,16.431676725154983,5.598421958998375,3.034782608695652,1.3472404841499706
980,1,730,27.018512172212592,6.593044534142437,6.634782608695652,3.6425390867758467
981,1,780,27.92848008753788,6.659293919683638,7.026086956521739,3.8920280653221373
982,1,540,23.2379000772445,6.29156913955832,5.147826086956521,2.694480968299941
983,1,310,17.60681686165901,5.736572297479192,3.3478260869565215,1.5468316669870033
984,1,360,18.973665961010276,5.886104031450156,3.7391304347826084,1.7963206455332943
985,1,410,20.248456731316587,6.016157159698354,4.130434782608695,2.045809624079585
986,1,160,12.649110640673518,5.075173815233827,2.1739130434782608,0.7983647313481308
987,1,160,12.649110640673518,5.075173815233827,2.1739130434782608,0.7983647313481308
988,1,610,24.698178070456937,6.413458957167357,5.695652173913044,3.0437655382647484
989,1,800,28.284271247461902,6.684611727667927,7.182608695652174,3.991823656740654
990,1,470,21.6794833886788,6.152732694704104,4.6,2.3451963983351343
991,1,310,17.60681686165901,5.736572297479192,3.3478260869565215,1.5468316669870033
992,1,730,27.018512172212592,6.593044534142437,6.634782608695652,3.6425390867758467
993,1,590,24.289915602982237,6.380122536899765,5.539130434782609,2.943969946846232
994,1,260,16.1245154965971,5.560681631015528,2.9565217391304346,1.2973426884407124
995,1,590,24.289915602982237,6.380122536899765,5.539130434782609,2.943969946846232
996,1,480,21.908902300206645,6.173786103901937,4.678260869565217,2.3950941940443924
997,1,480,21.908902300206645,6.173786103901937,4.678260869565217,2.3950941940443924
998,1,460,21.447610589527216,6.131226489483141,4.521739130434782,2.2952986026258757
999,1,550,23.45207879911715,6.309918278226516,5.226086956521739,2.7443787640091997
1000,1,270,16.431676725154983,5.598421958998375,3.034782608695652,1.3472404841499706
