name,parent,size,sqrt_size,log2_size,ln_size,log10_size,bounded_size
1,,5,2.23606797749979,2.321928094887362,1.6094379124341003,0.6989700043360189,1
2,1,10,3.1622776601683795,3.321928094887362,2.302585092994046,1,1.3913043478260878
3,1,5,2.23606797749979,2.321928094887362,1.6094379124341003,0.6989700043360189,1
4,1,10,3.1622776601683795,3.321928094887362,2.302585092994046,1,1.3913043478260878
5,1,5,2.23606797749979,2.321928094887362,1.6094379124341003,0.6989700043360189,1
6,1,20,4.47213595499958,4.321928094887363,2.995732273553991,1.3010299956639813,2.1739130434782608
7,1,5,2.23606797749979,2.321928094887362,1.6094379124341003,0.6989700043360189,1
8,1,10,3.1622776601683795,3.321928094887362,2.302585092994046,1,1.3913043478260878
9,1,5,2.23606797749979,2.321928094887362,1.6094379124341003,0.6989700043360189,1
10,1,10,3.1622776601683795,3.321928094887362,2.302585092994046,1,1.3913043478260878
11,1,5,2.23606797749979,2.321928094887362,1.6094379124341003,0.6989700043360189,1
12,1,20,4.47213595499958,4.321928094887363,2.995732273553991,1.3010299956639813,2.1739130434782608
13,1,5,2.23606797749979,2.321928094887362,1.6094379124341003,0.6989700043360189,1
14,1,20,4.47213595499958,4.321928094887363,2.995732273553991,1.3010299956639813,2.1739130434782608
15,1,5,2.23606797749979,2.321928094887362,1.6094379124341003,0.6989700043360189,1
16,1,10,3.1622776601683795,3.321928094887362,2.302585092994046,1,1.3913043478260878
17,1,5,2.23606797749979,2.321928094887362,1.6094379124341003,0.6989700043360189,1
18,1,20,4.47213595499958,4.321928094887363,2.995732273553991,1.3010299956639813,2.1739130434782608
19,1,5,2.23606797749979,2.321928094887362,1.6094379124341003,0.6989700043360189,1
20,1,30,5.477225575051661,4.906890595608519,3.4011973816621555,1.4771212547196624,2.9565217391304346
21,1,20,4.47213595499958,4.321928094887363,2.995732273553991,1.3010299956639813,2.1739130434782608
22,1,10,3.1622776601683795,3.321928094887362,2.302585092994046,1,1.3913043478260878
23,1,5,2.23606797749979,2.321928094887362,1.6094379124341003,0.6989700043360189,1
24,1,20,4.47213595499958,4.321928094887363,2.995732273553991,1.3010299956639813,2.1739130434782608
25,1,5,2.23606797749979,2.321928094887362,1.6094379124341003,0.6989700043360189,1
26,1,20,4.47213595499958,4.321928094887363,2.995732273553991,1.3010299956639813,2.1739130434782608
27,1,5,2.23606797749979,2.321928094887362,1.6094379124341003,0.6989700043360189,1
28,1,20,4.47213595499958,4.321928094887363,2.995732273553991,1.3010299956639813,2.1739130434782608
29,1,5,2.23606797749979,2.321928094887362,1.6094379124341003,0.6989700043360189,1
30,1,10,3.1622776601683795,3.321928094887362,2.302585092994046,1,1.3913043478260878
31,1,5,2.23606797749979,2.321928094887362,1.6094379124341003,0.6989700043360189,1
32,1,10,3.1622776601683795,3.321928094887362,2.302585092994046,1,1.3913043478260878
33,1,5,2.23606797749979,2.321928094887362,1.6094379124341003,0.6989700043360189,1
34,1,10,3.1622776601683795,3.321928094887362,2.302585092994046,1,1.3913043478260878
35,1,5,2.23606797749979,2.321928094887362,1.6094379124341003,0.6989700043360189,1
36,1,10,3.1622776601683795,3.321928094887362,2.302585092994046,1,1.3913043478260878
37,1,50,7.0710678118654755,5.643856189774724,3.912023005428146,1.6989700043360187,4.521739130434782
38,1,30,5.477225575051661,4.906890595608519,3.4011973816621555,1.4771212547196624,2.9565217391304346
39,1,100,10,6.643856189774724,4.605170185988092,2,8.434782608695652
40,1,10,3.1622776601683795,3.321928094887362,2.302585092994046,1,1.3913043478260878
41,1,5,2.23606797749979,2.321928094887362,1.6094379124341003,0.6989700043360189,1
42,1,40,6.324555320336759,5.321928094887363,3.6888794541139363,1.6020599913279623,3.7391304347826084
43,1,20,4.47213595499958,4.321928094887363,2.995732273553991,1.3010299956639813,2.1739130434782608
44,1,20,4.47213595499958,4.321928094887363,2.995732273553991,1.3010299956639813,2.1739130434782608
45,1,10,3.1622776601683795,3.321928094887362,2.302585092994046,1,1.3913043478260878
46,1,10,3.1622776601683795,3.321928094887362,2.302585092994046,1,1.3913043478260878
47,1,5,2.23606797749979,2.321928094887362,1.6094379124341003,0.6989700043360189,1
48,1,10,3.1622776601683795,3.321928094887362,2.302585092994046,1,1.3913043478260878
49,1,5,2.23606797749979,2.321928094887362,1.6094379124341003,0.6989700043360189,1
50,1,10,3.1622776601683795,3.321928094887362,2.302585092994046,1,1.3913043478260878
51,1,10,3.1622776601683795,3.321928094887362,2.302585092994046,1,1.3913043478260878
52,1,30,5.477225575051661,4.906890595608519,3.4011973816621555,1.4771212547196624,2.9565217391304346
53,1,10,3.1622776601683795,3.321928094887362,2.302585092994046,1,1.3913043478260878
54,1,10,3.1622776601683795,3.321928094887362,2.302585092994046,1,1.3913043478260878
55,1,50,7.0710678118654755,5.643856189774724,3.912023005428146,1.6989700043360187,4.521739130434782
56,1,10,3.1622776601683795,3.321928094887362,2.302585092994046,1,1.3913043478260878
57,1,5,2.23606797749979,2.321928094887362,1.6094379124341003,0.6989700043360189,1
58,1,20,4.47213595499958,4.321928094887363,2.995732273553991,1.3010299956639813,2.1739130434782608
59,1,5,2.23606797749979,2.321928094887362,1.6094379124341003,0.6989700043360189,1
60,1,20,4.47213595499958,4.321928094887363,2.995732273553991,1.3010299956639813,2.1739130434782608
61,1,5,2.23606797749979,2.321928094887362,1.6094379124341003,0.6989700043360189,1
62,1,10,3.1622776601683795,3.321928094887362,2.302585092994046,1,1.3913043478260878
63,1,5,2.23606797749979,2.321928094887362,1.6094379124341003,0.6989700043360189,1
64,1,20,4.47213595499958,4.321928094887363,2.995732273553991,1.3010299956639813,2.1739130434782608
65,1,5,2.23606797749979,2.321928094887362,1.6094379124341003,0.6989700043360189,1
66,1,10,3.1622776601683795,3.321928094887362,2.302585092994046,1,1.3913043478260878
67,1,10,3.1622776601683795,3.321928094887362,2.302585092994046,1,1.3913043478260878
68,1,10,3.1622776601683795,3.321928094887362,2.302585092994046,1,1.3913043478260878
69,1,5,2.23606797749979,2.321928094887362,1.6094379124341003,0.6989700043360189,1
70,1,10,3.1622776601683795,3.321928094887362,2.302585092994046,1,1.3913043478260878
71,1,10,3.1622776601683795,3.321928094887362,2.302585092994046,1,1.3913043478260878
72,1,10,3.1622776601683795,3.321928094887362,2.302585092994046,1,1.3913043478260878
73,1,5,2.23606797749979,2.321928094887362,1.6094379124341003,0.6989700043360189,1
74,1,20,4.47213595499958,4.321928094887363,2.995732273553991,1.3010299956639813,2.1739130434782608
75,1,10,3.1622776601683795,3.321928094887362,2.302585092994046,1,1.3913043478260878
76,1,10,3.1622776601683795,3.321928094887362,2.302585092994046,1,1.3913043478260878
77,1,5,2.23606797749979,2.321928094887362,1.6094379124341003,0.6989700043360189,1
78,1,10,3.1622776601683795,3.321928094887362,2.302585092994046,1,1.3913043478260878
79,1,20,4.47213595499958,4.321928094887363,2.995732273553991,1.3010299956639813,2.1739130434782608
80,1,30,5.477225575051661,4.906890595608519,3.4011973816621555,1.4771212547196624,2.9565217391304346
81,1,5,2.23606797749979,2.321928094887362,1.6094379124341003,0.6989700043360189,1
82,1,10,3.1622776601683795,3.321928094887362,2.302585092994046,1,1.3913043478260878
83,1,5,2.23606797749979,2.321928094887362,1.6094379124341003,0.6989700043360189,1
84,1,20,4.47213595499958,4.321928094887363,2.995732273553991,1.3010299956639813,2.1739130434782608
85,1,5,2.23606797749979,2.321928094887362,1.6094379124341003,0.6989700043360189,1
86,1,20,4.47213595499958,4.321928094887363,2.995732273553991,1.3010299956639813,2.1739130434782608
87,1,5,2.23606797749979,2.321928094887362,1.6094379124341003,0.6989700043360189,1
88,1,10,3.1622776601683795,3.321928094887362,2.302585092994046,1,1.3913043478260878
89,1,5,2.23606797749979,2.321928094887362,1.6094379124341003,0.6989700043360189,1
90,1,10,3.1622776601683795,3.321928094887362,2.302585092994046,1,1.3913043478260878
91,1,5,2.23606797749979,2.321928094887362,1.6094379124341003,0.6989700043360189,1
92,1,20,4.47213595499958,4.321928094887363,2.995732273553991,1.3010299956639813,2.1739130434782608
93,1,5,2.23606797749979,2.321928094887362,1.6094379124341003,0.6989700043360189,1
94,1,10,3.1622776601683795,3.321928094887362,2.302585092994046,1,1.3913043478260878
95,1,5,2.23606797749979,2.321928094887362,1.6094379124341003,0.6989700043360189,1
96,1,20,4.47213595499958,4.321928094887363,2.995732273553991,1.3010299956639813,2.1739130434782608
97,1,5,2.23606797749979,2.321928094887362,1.6094379124341003,0.6989700043360189,1
98,1,20,4.47213595499958,4.321928094887363,2.995732273553991,1.3010299956639813,2.1739130434782608
99,1,5,2.23606797749979,2.321928094887362,1.6094379124341003,0.6989700043360189,1
100,1,20,4.47213595499958,4.321928094887363,2.995732273553991,1.3010299956639813,2.1739130434782608
101,1,5,2.23606797749979,2.321928094887362,1.6094379124341003,0.6989700043360189,1
102,1,10,3.1622776601683795,3.321928094887362,2.302585092994046,1,1.3913043478260878
103,1,5,2.23606797749979,2.321928094887362,1.6094379124341003,0.6989700043360189,1
104,1,20,4.47213595499958,4.321928094887363,2.995732273553991,1.3010299956639813,2.1739130434782608
105,1,5,2.23606797749979,2.321928094887362,1.6094379124341003,0.6989700043360189,1
106,1,10,3.1622776601683795,3.321928094887362,2.302585092994046,1,1.3913043478260878
107,1,10,3.1622776601683795,3.321928094887362,2.302585092994046,1,1.3913043478260878
108,1,10,3.1622776601683795,3.321928094887362,2.302585092994046,1,1.3913043478260878
109,1,5,2.23606797749979,2.321928094887362,1.6094379124341003,0.6989700043360189,1
110,1,20,4.47213595499958,4.321928094887363,2.995732273553991,1.3010299956639813,2.1739130434782608
111,1,5,2.23606797749979,2.321928094887362,1.6094379124341003,0.6989700043360189,1
112,1,10,3.1622776601683795,3.321928094887362,2.302585092994046,1,1.3913043478260878
113,1,10,3.1622776601683795,3.321928094887362,2.302585092994046,1,1.3913043478260878
114,1,10,3.1622776601683795,3.321928094887362,2.302585092994046,1,1.3913043478260878
115,1,5,2.23606797749979,2.321928094887362,1.6094379124341003,0.6989700043360189,1
116,1,10,3.1622776601683795,3.321928094887362,2.302585092994046,1,1.3913043478260878
117,1,5,2.23606797749979,2.321928094887362,1.6094379124341003,0.6989700043360189,1
118,1,10,3.1622776601683795,3.321928094887362,2.302585092994046,1,1.3913043478260878
119,1,5,2.23606797749979,2.321928094887362,1.6094379124341003,0.6989700043360189,1
120,1,20,4.47213595499958,4.321928094887363,2.995732273553991,1.3010299956639813,2.1739130434782608
121,1,5,2.23606797749979,2.321928094887362,1.6094379124341003,0.6989700043360189,1
122,1,20,4.47213595499958,4.321928094887363,2.995732273553991,1.3010299956639813,2.1739130434782608
123,1,5,2.23606797749979,2.321928094887362,1.6094379124341003,0.6989700043360189,1
124,1,10,3.1622776601683795,3.321928094887362,2.302585092994046,1,1.3913043478260878
125,1,5,2.23606797749979,2.321928094887362,1.6094379124341003,0.6989700043360189,1
126,1,10,3.1622776601683795,3.321928094887362,2.302585092994046,1,1.3913043478260878
127,1,5,2.23606797749979,2.321928094887362,1.6094379124341003,0.6989700043360189,1
128,1,20,4.47213595499958,4.321928094887363,2.995732273553991,1.3010299956639813,2.1739130434782608
129,1,10,3.1622776601683795,3.321928094887362,2.302585092994046,1,1.3913043478260878
130,1,20,4.47213595499958,4.321928094887363,2.995732273553991,1.3010299956639813,2.1739130434782608
131,1,5,2.23606797749979,2.321928094887362,1.6094379124341003,0.6989700043360189,1
132,1,10,3.1622776601683795,3.321928094887362,2.302585092994046,1,1.3913043478260878
133,1,5,2.23606797749979,2.321928094887362,1.6094379124341003,0.6989700043360189,1
134,1,20,4.47213595499958,4.321928094887363,2.995732273553991,1.3010299956639813,2.1739130434782608
135,1,20,4.47213595499958,4.321928094887363,2.995732273553991,1.3010299956639813,2.1739130434782608
136,1,10,3.1622776601683795,3.321928094887362,2.302585092994046,1,1.3913043478260878
137,1,10,3.1622776601683795,3.321928094887362,2.302585092994046,1,1.3913043478260878
138,1,20,4.47213595499958,4.321928094887363,2.995732273553991,1.3010299956639813,2.1739130434782608
139,1,10,3.1622776601683795,3.321928094887362,2.302585092994046,1,1.3913043478260878
140,1,20,4.47213595499958,4.321928094887363,2.995732273553991,1.3010299956639813,2.1739130434782608
141,1,5,2.23606797749979,2.321928094887362,1.6094379124341003,0.6989700043360189,1
142,1,10,3.1622776601683795,3.321928094887362,2.302585092994046,1,1.3913043478260878
143,1,5,2.23606797749979,2.321928094887362,1.6094379124341003,0.6989700043360189,1
144,1,20,4.47213595499958,4.321928094887363,2.995732273553991,1.3010299956639813,2.1739130434782608
145,1,10,3.1622776601683795,3.321928094887362,2.302585092994046,1,1.3913043478260878
146,1,10,3.1622776601683795,3.321928094887362,2.302585092994046,1,1.3913043478260878
147,1,5,2.23606797749979,2.321928094887362,1.6094379124341003,0.6989700043360189,1
148,1,110,10.488088481701515,6.78135971352466,4.700480365792417,2.041392685158225,9.217391304347826
149,1,30,5.477225575051661,4.906890595608519,3.4011973816621555,1.4771212547196624,2.9565217391304346
150,1,20,4.47213595499958,4.321928094887363,2.995732273553991,1.3010299956639813,2.1739130434782608
151,1,5,2.23606797749979,2.321928094887362,1.6094379124341003,0.6989700043360189,1
152,1,10,3.1622776601683795,3.321928094887362,2.302585092994046,1,1.3913043478260878
153,1,5,2.23606797749979,2.321928094887362,1.6094379124341003,0.6989700043360189,1
154,1,10,3.1622776601683795,3.321928094887362,2.302585092994046,1,1.3913043478260878
155,1,5,2.23606797749979,2.321928094887362,1.6094379124341003,0.6989700043360189,1
156,1,10,3.1622776601683795,3.321928094887362,2.302585092994046,1,1.3913043478260878
157,1,5,2.23606797749979,2.321928094887362,1.6094379124341003,0.6989700043360189,1
158,1,20,4.47213595499958,4.321928094887363,2.995732273553991,1.3010299956639813,2.1739130434782608
159,1,5,2.23606797749979,2.321928094887362,1.6094379124341003,0.6989700043360189,1
160,1,20,4.47213595499958,4.321928094887363,2.995732273553991,1.3010299956639813,2.1739130434782608
161,1,5,2.23606797749979,2.321928094887362,1.6094379124341003,0.6989700043360189,1
162,1,30,5.477225575051661,4.906890595608519,3.4011973816621555,1.4771212547196624,2.9565217391304346
163,1,5,2.23606797749979,2.321928094887362,1.6094379124341003,0.6989700043360189,1
164,1,20,4.47213595499958,4.321928094887363,2.995732273553991,1.3010299956639813,2.1739130434782608
165,1,5,2.23606797749979,2.321928094887362,1.6094379124341003,0.6989700043360189,1
166,1,10,3.1622776601683795,3.321928094887362,2.302585092994046,1,1.3913043478260878
167,1,110,10.488088481701515,6.78135971352466,4.700480365792417,2.041392685158225,9.217391304347826
168,1,10,3.1622776601683795,3.321928094887362,2.302585092994046,1,1.3913043478260878
169,1,10,3.1622776601683795,3.321928094887362,2.302585092994046,1,1.3913043478260878
170,1,10,3.1622776601683795,3.321928094887362,2.302585092994046,1,1.3913043478260878
171,1,5,2.23606797749979,2.321928094887362,1.6094379124341003,0.6989700043360189,1
172,1,20,4.47213595499958,4.321928094887363,2.995732273553991,1.3010299956639813,2.1739130434782608
173,1,5,2.23606797749979,2.321928094887362,1.6094379124341003,0.6989700043360189,1
174,1,10,3.1622776601683795,3.321928094887362,2.302585092994046,1,1.3913043478260878
175,1,5,2.23606797749979,2.321928094887362,1.6094379124341003,0.6989700043360189,1
176,1,20,4.47213595499958,4.321928094887363,2.995732273553991,1.3010299956639813,2.1739130434782608
177,1,10,3.1622776601683795,3.321928094887362,2.302585092994046,1,1.3913043478260878
178,1,10,3.1622776601683795,3.321928094887362,2.302585092994046,1,1.3913043478260878
179,1,5,2.23606797749979,2.321928094887362,1.6094379124341003,0.6989700043360189,1
180,1,10,3.1622776601683795,3.321928094887362,2.302585092994046,1,1.3913043478260878
181,1,5,2.23606797749979,2.321928094887362,1.6094379124341003,0.6989700043360189,1
182,1,10,3.1622776601683795,3.321928094887362,2.302585092994046,1,1.3913043478260878
183,1,5,2.23606797749979,2.321928094887362,1.6094379124341003,0.6989700043360189,1
184,1,20,4.47213595499958,4.321928094887363,2.995732273553991,1.3010299956639813,2.1739130434782608
185,1,5,2.23606797749979,2.321928094887362,1.6094379124341003,0.6989700043360189,1
186,1,20,4.47213595499958,4.321928094887363,2.995732273553991,1.3010299956639813,2.1739130434782608
187,1,5,2.23606797749979,2.321928094887362,1.6094379124341003,0.6989700043360189,1
188,1,20,4.47213595499958,4.321928094887363,2.995732273553991,1.3010299956639813,2.1739130434782608
189,1,5,2.23606797749979,2.321928094887362,1.6094379124341003,0.6989700043360189,1
190,1,20,4.47213595499958,4.321928094887363,2.995732273553991,1.3010299956639813,2.1739130434782608
191,1,20,4.47213595499958,4.321928094887363,2.995732273553991,1.3010299956639813,2.1739130434782608
192,1,10,3.1622776601683795,3.321928094887362,2.302585092994046,1,1.3913043478260878
193,1,5,2.23606797749979,2.321928094887362,1.6094379124341003,0.6989700043360189,1
194,1,10,3.1622776601683795,3.321928094887362,2.302585092994046,1,1.3913043478260878
195,1,5,2.23606797749979,2.321928094887362,1.6094379124341003,0.6989700043360189,1
196,1,10,3.1622776601683795,3.321928094887362,2.302585092994046,1,1.3913043478260878
197,1,90,9.486832980505138,6.491853096329675,4.499809670330265,1.954242509439325,7.6521739130434785
198,1,10,3.1622776601683795,3.321928094887362,2.302585092994046,1,1.3913043478260878
199,1,5,2.23606797749979,2.321928094887362,1.6094379124341003,0.6989700043360189,1
200,1,10,3.1622776601683795,3.321928094887362,2.302585092994046,1,1.3913043478260878
201,1,5,2.23606797749979,2.321928094887362,1.6094379124341003,0.6989700043360189,1
202,1,20,4.47213595499958,4.321928094887363,2.995732273553991,1.3010299956639813,2.1739130434782608
203,1,5,2.23606797749979,2.321928094887362,1.6094379124341003,0.6989700043360189,1
204,1,20,4.47213595499958,4.321928094887363,2.995732273553991,1.3010299956639813,2.1739130434782608
205,1,5,2.23606797749979,2.321928094887362,1.6094379124341003,0.6989700043360189,1
206,1,10,3.1622776601683795,3.321928094887362,2.302585092994046,1,1.3913043478260878
207,1,5,2.23606797749979,2.321928094887362,1.6094379124341003,0.6989700043360189,1
208,1,10,3.1622776601683795,3.321928094887362,2.302585092994046,1,1.3913043478260878
209,1,10,3.1622776601683795,3.321928094887362,2.302585092994046,1,1.3913043478260878
210,1,20,4.47213595499958,4.321928094887363,2.995732273553991,1.3010299956639813,2.1739130434782608
211,1,5,2.23606797749979,2.321928094887362,1.6094379124341003,0.6989700043360189,1
212,1,10,3.1622776601683795,3.321928094887362,2.302585092994046,1,1.3913043478260878
213,1,5,2.23606797749979,2.321928094887362,1.6094379124341003,0.6989700043360189,1
214,1,20,4.47213595499958,4.321928094887363,2.995732273553991,1.3010299956639813,2.1739130434782608
215,1,10,3.1622776601683795,3.321928094887362,2.302585092994046,1,1.3913043478260878
216,1,10,3.1622776601683795,3.321928094887362,2.302585092994046,1,1.3913043478260878
217,1,5,2.23606797749979,2.321928094887362,1.6094379124341003,0.6989700043360189,1
218,1,40,6.324555320336759,5.321928094887363,3.6888794541139363,1.6020599913279623,3.7391304347826084
219,1,5,2.23606797749979,2.321928094887362,1.6094379124341003,0.6989700043360189,1
220,1,20,4.47213595499958,4.321928094887363,2.995732273553991,1.3010299956639813,2.1739130434782608
221,1,5,2.23606797749979,2.321928094887362,1.6094379124341003,0.6989700043360189,1
222,1,10,3.1622776601683795,3.321928094887362,2.302585092994046,1,1.3913043478260878
223,1,5,2.23606797749979,2.321928094887362,1.6094379124341003,0.6989700043360189,1
224,1,10,3.1622776601683795,3.321928094887362,2.302585092994046,1,1.3913043478260878
225,1,5,2.23606797749979,2.321928094887362,1.6094379124341003,0.6989700043360189,1
226,1,10,3.1622776601683795,3.321928094887362,2.302585092994046,1,1.3913043478260878
227,1,10,3.1622776601683795,3.321928094887362,2.302585092994046,1,1.3913043478260878
228,1,30,5.477225575051661,4.906890595608519,3.4011973816621555,1.4771212547196624,2.9565217391304346
229,1,5,2.23606797749979,2.321928094887362,1.6094379124341003,0.6989700043360189,1
230,1,90,9.486832980505138,6.491853096329675,4.499809670330265,1.954242509439325,7.6521739130434785
231,1,5,2.23606797749979,2.321928094887362,1.6094379124341003,0.6989700043360189,1
232,1,10,3.1622776601683795,3.321928094887362,2.302585092994046,1,1.3913043478260878
233,1,5,2.23606797749979,2.321928094887362,1.6094379124341003,0.6989700043360189,1
234,1,20,4.47213595499958,4.321928094887363,2.995732273553991,1.3010299956639813,2.1739130434782608
235,1,5,2.23606797749979,2.321928094887362,1.6094379124341003,0.6989700043360189,1
236,1,10,3.1622776601683795,3.321928094887362,2.302585092994046,1,1.3913043478260878
237,1,5,2.23606797749979,2.321928094887362,1.6094379124341003,0.6989700043360189,1
238,1,10,3.1622776601683795,3.321928094887362,2.302585092994046,1,1.3913043478260878
239,1,5,2.23606797749979,2.321928094887362,1.6094379124341003,0.6989700043360189,1
240,1,20,4.47213595499958,4.321928094887363,2.995732273553991,1.3010299956639813,2.1739130434782608
241,1,5,2.23606797749979,2.321928094887362,1.6094379124341003,0.6989700043360189,1
242,1,10,3.1622776601683795,3.321928094887362,2.302585092994046,1,1.3913043478260878
243,1,5,2.23606797749979,2.321928094887362,1.6094379124341003,0.6989700043360189,1
244,1,30,5.477225575051661,4.906890595608519,3.4011973816621555,1.4771212547196624,2.9565217391304346
245,1,5,2.23606797749979,2.321928094887362,1.6094379124341003,0.6989700043360189,1
246,1,20,4.47213595499958,4.321928094887363,2.995732273553991,1.3010299956639813,2.1739130434782608
247,1,10,3.1622776601683795,3.321928094887362,2.302585092994046,1,1.3913043478260878
248,1,10,3.1622776601683795,3.321928094887362,2.302585092994046,1,1.3913043478260878
249,1,10,3.1622776601683795,3.321928094887362,2.302585092994046,1,1.3913043478260878
250,1,10,3.1622776601683795,3.321928094887362,2.302585092994046,1,1.3913043478260878
251,1,5,2.23606797749979,2.321928094887362,1.6094379124341003,0.6989700043360189,1
252,1,20,4.47213595499958,4.321928094887363,2.995732273553991,1.3010299956639813,2.1739130434782608
253,1,5,2.23606797749979,2.321928094887362,1.6094379124341003,0.6989700043360189,1
254,1,20,4.47213595499958,4.321928094887363,2.995732273553991,1.3010299956639813,2.1739130434782608
255,1,5,2.23606797749979,2.321928094887362,1.6094379124341003,0.6989700043360189,1
256,1,10,3.1622776601683795,3.321928094887362,2.302585092994046,1,1.3913043478260878
257,1,5,2.23606797749979,2.321928094887362,1.6094379124341003,0.6989700043360189,1
258,1,20,4.47213595499958,4.321928094887363,2.995732273553991,1.3010299956639813,2.1739130434782608
259,1,10,3.1622776601683795,3.321928094887362,2.302585092994046,1,1.3913043478260878
260,1,30,5.477225575051661,4.906890595608519,3.4011973816621555,1.4771212547196624,2.9565217391304346
261,1,5,2.23606797749979,2.321928094887362,1.6094379124341003,0.6989700043360189,1
262,1,20,4.47213595499958,4.321928094887363,2.995732273553991,1.3010299956639813,2.1739130434782608
263,1,5,2.23606797749979,2.321928094887362,1.6094379124341003,0.6989700043360189,1
264,1,10,3.1622776601683795,3.321928094887362,2.302585092994046,1,1.3913043478260878
265,1,5,2.23606797749979,2.321928094887362,1.6094379124341003,0.6989700043360189,1
266,1,10,3.1622776601683795,3.321928094887362,2.302585092994046,1,1.3913043478260878
267,1,5,2.23606797749979,2.321928094887362,1.6094379124341003,0.6989700043360189,1
268,1,10,3.1622776601683795,3.321928094887362,2.302585092994046,1,1.3913043478260878
269,1,5,2.23606797749979,2.321928094887362,1.6094379124341003,0.6989700043360189,1
270,1,10,3.1622776601683795,3.321928094887362,2.302585092994046,1,1.3913043478260878
271,1,10,3.1622776601683795,3.321928094887362,2.302585092994046,1,1.3913043478260878
272,1,10,3.1622776601683795,3.321928094887362,2.302585092994046,1,1.3913043478260878
273,1,5,2.23606797749979,2.321928094887362,1.6094379124341003,0.6989700043360189,1
274,1,30,5.477225575051661,4.906890595608519,3.4011973816621555,1.4771212547196624,2.9565217391304346
275,1,5,2.23606797749979,2.321928094887362,1.6094379124341003,0.6989700043360189,1
276,1,10,3.1622776601683795,3.321928094887362,2.302585092994046,1,1.3913043478260878
277,1,5,2.23606797749979,2.321928094887362,1.6094379124341003,0.6989700043360189,1
278,1,10,3.1622776601683795,3.321928094887362,2.302585092994046,1,1.3913043478260878
279,1,5,2.23606797749979,2.321928094887362,1.6094379124341003,0.6989700043360189,1
280,1,20,4.47213595499958,4.321928094887363,2.995732273553991,1.3010299956639813,2.1739130434782608
281,1,5,2.23606797749979,2.321928094887362,1.6094379124341003,0.6989700043360189,1
282,1,10,3.1622776601683795,3.321928094887362,2.302585092994046,1,1.3913043478260878
283,1,5,2.23606797749979,2.321928094887362,1.6094379124341003,0.6989700043360189,1
284,1,10,3.1622776601683795,3.321928094887362,2.302585092994046,1,1.3913043478260878
285,1,5,2.23606797749979,2.321928094887362,1.6094379124341003,0.6989700043360189,1
286,1,10,3.1622776601683795,3.321928094887362,2.302585092994046,1,1.3913043478260878
287,1,5,2.23606797749979,2.321928094887362,1.6094379124341003,0.6989700043360189,1
288,1,10,3.1622776601683795,3.321928094887362,2.302585092994046,1,1.3913043478260878
289,1,5,2.23606797749979,2.321928094887362,1.6094379124341003,0.6989700043360189,1
290,1,70,8.366600265340756,6.129283016944966,4.248495242049359,1.845098040014257,6.086956521739131
291,1,5,2.23606797749979,2.321928094887362,1.6094379124341003,0.6989700043360189,1
292,1,20,4.47213595499958,4.321928094887363,2.995732273553991,1.3010299956639813,2.1739130434782608
293,1,10,3.1622776601683795,3.321928094887362,2.302585092994046,1,1.3913043478260878
294,1,10,3.1622776601683795,3.321928094887362,2.302585092994046,1,1.3913043478260878
295,1,5,2.23606797749979,2.321928094887362,1.6094379124341003,0.6989700043360189,1
296,1,20,4.47213595499958,4.321928094887363,2.995732273553991,1.3010299956639813,2.1739130434782608
297,1,5,2.23606797749979,2.321928094887362,1.6094379124341003,0.6989700043360189,1
298,1,20,4.47213595499958,4.321928094887363,2.995732273553991,1.3010299956639813,2.1739130434782608
299,1,5,2.23606797749979,2.321928094887362,1.6094379124341003,0.6989700043360189,1
300,1,10,3.1622776601683795,3.321928094887362,2.302585092994046,1,1.3913043478260878
301,1,5,2.23606797749979,2.321928094887362,1.6094379124341003,0.6989700043360189,1
302,1,20,4.47213595499958,4.321928094887363,2.995732273553991,1.3010299956639813,2.1739130434782608
303,1,5,2.23606797749979,2.321928094887362,1.6094379124341003,0.6989700043360189,1
304,1,10,3.1622776601683795,3.321928094887362,2.302585092994046,1,1.3913043478260878
305,1,5,2.23606797749979,2.321928094887362,1.6094379124341003,0.6989700043360189,1
306,1,30,5.477225575051661,4.906890595608519,3.4011973816621555,1.4771212547196624,2.9565217391304346
307,1,5,2.23606797749979,2.321928094887362,1.6094379124341003,0.6989700043360189,1
308,1,10,3.1622776601683795,3.321928094887362,2.302585092994046,1,1.3913043478260878
309,1,5,2.23606797749979,2.321928094887362,1.6094379124341003,0.6989700043360189,1
310,1,10,3.1622776601683795,3.321928094887362,2.302585092994046,1,1.3913043478260878
311,1,5,2.23606797749979,2.321928094887362,1.6094379124341003,0.6989700043360189,1
312,1,30,5.477225575051661,4.906890595608519,3.4011973816621555,1.4771212547196624,2.9565217391304346
313,1,5,2.23606797749979,2.321928094887362,1.6094379124341003,0.6989700043360189,1
314,1,20,4.47213595499958,4.321928094887363,2.995732273553991,1.3010299956639813,2.1739130434782608
315,1,5,2.23606797749979,2.321928094887362,1.6094379124341003,0.6989700043360189,1
316,1,20,4.47213595499958,4.321928094887363,2.995732273553991,1.3010299956639813,2.1739130434782608
317,1,5,2.23606797749979,2.321928094887362,1.6094379124341003,0.6989700043360189,1
318,1,10,3.1622776601683795,3.321928094887362,2.302585092994046,1,1.3913043478260878
319,1,5,2.23606797749979,2.321928094887362,1.6094379124341003,0.6989700043360189,1
320,1,10,3.1622776601683795,3.321928094887362,2.302585092994046,1,1.3913043478260878
321,1,5,2.23606797749979,2.321928094887362,1.6094379124341003,0.6989700043360189,1
322,1,20,4.47213595499958,4.321928094887363,2.995732273553991,1.3010299956639813,2.1739130434782608
323,1,5,2.23606797749979,2.321928094887362,1.6094379124341003,0.6989700043360189,1
324,1,90,9.486832980505138,6.491853096329675,4.499809670330265,1.954242509439325,7.6521739130434785
325,1,5,2.23606797749979,2.321928094887362,1.6094379124341003,0.6989700043360189,1
326,1,20,4.47213595499958,4.321928094887363,2.995732273553991,1.3010299956639813,2.1739130434782608
327,1,5,2.23606797749979,2.321928094887362,1.6094379124341003,0.6989700043360189,1
328,1,50,7.0710678118654755,5.643856189774724,3.912023005428146,1.6989700043360187,4.521739130434782
329,1,20,4.47213595499958,4.321928094887363,2.995732273553991,1.3010299956639813,2.1739130434782608
330,1,10,3.1622776601683795,3.321928094887362,2.302585092994046,1,1.3913043478260878
331,1,5,2.23606797749979,2.321928094887362,1.6094379124341003,0.6989700043360189,1
332,1,10,3.1622776601683795,3.321928094887362,2.302585092994046,1,1.3913043478260878
333,1,5,2.23606797749979,2.321928094887362,1.6094379124341003,0.6989700043360189,1
334,1,20,4.47213595499958,4.321928094887363,2.995732273553991,1.3010299956639813,2.1739130434782608
335,1,10,3.1622776601683795,3.321928094887362,2.302585092994046,1,1.3913043478260878
336,1,20,4.47213595499958,4.321928094887363,2.995732273553991,1.3010299956639813,2.1739130434782608
337,1,5,2.23606797749979,2.321928094887362,1.6094379124341003,0.6989700043360189,1
338,1,10,3.1622776601683795,3.321928094887362,2.302585092994046,1,1.3913043478260878
339,1,10,3.1622776601683795,3.321928094887362,2.302585092994046,1,1.3913043478260878
340,1,10,3.1622776601683795,3.321928094887362,2.302585092994046,1,1.3913043478260878
341,1,5,2.23606797749979,2.321928094887362,1.6094379124341003,0.6989700043360189,1
342,1,10,3.1622776601683795,3.321928094887362,2.302585092994046,1,1.3913043478260878
343,1,5,2.23606797749979,2.321928094887362,1.6094379124341003,0.6989700043360189,1
344,1,30,5.477225575051661,4.906890595608519,3.4011973816621555,1.4771212547196624,2.9565217391304346
345,1,5,2.23606797749979,2.321928094887362,1.6094379124341003,0.6989700043360189,1
346,1,10,3.1622776601683795,3.321928094887362,2.302585092994046,1,1.3913043478260878
347,1,10,3.1622776601683795,3.321928094887362,2.302585092994046,1,1.3913043478260878
348,1,20,4.47213595499958,4.321928094887363,2.995732273553991,1.3010299956639813,2.1739130434782608
349,1,5,2.23606797749979,2.321928094887362,1.6094379124341003,0.6989700043360189,1
350,1,10,3.1622776601683795,3.321928094887362,2.302585092994046,1,1.3913043478260878
351,1,5,2.23606797749979,2.321928094887362,1.6094379124341003,0.6989700043360189,1
352,1,10,3.1622776601683795,3.321928094887362,2.302585092994046,1,1.3913043478260878
353,1,5,2.23606797749979,2.321928094887362,1.6094379124341003,0.6989700043360189,1
354,1,10,3.1622776601683795,3.321928094887362,2.302585092994046,1,1.3913043478260878
355,1,5,2.23606797749979,2.321928094887362,1.6094379124341003,0.6989700043360189,1
356,1,10,3.1622776601683795,3.321928094887362,2.302585092994046,1,1.3913043478260878
357,1,5,2.23606797749979,2.321928094887362,1.6094379124341003,0.6989700043360189,1
358,1,10,3.1622776601683795,3.321928094887362,2.302585092994046,1,1.3913043478260878
359,1,10,3.1622776601683795,3.321928094887362,2.302585092994046,1,1.3913043478260878
360,1,20,4.47213595499958,4.321928094887363,2.995732273553991,1.3010299956639813,2.1739130434782608
361,1,5,2.23606797749979,2.321928094887362,1.6094379124341003,0.6989700043360189,1
362,1,20,4.47213595499958,4.321928094887363,2.995732273553991,1.3010299956639813,2.1739130434782608
363,1,5,2.23606797749979,2.321928094887362,1.6094379124341003,0.6989700043360189,1
364,1,10,3.1622776601683795,3.321928094887362,2.302585092994046,1,1.3913043478260878
365,1,5,2.23606797749979,2.321928094887362,1.6094379124341003,0.6989700043360189,1
366,1,30,5.477225575051661,4.906890595608519,3.4011973816621555,1.4771212547196624,2.9565217391304346
367,1,120,10.954451150103322,6.906890595608519,4.787491742782046,2.0791812460476247,10
368,1,10,3.1622776601683795,3.321928094887362,2.302585092994046,1,1.3913043478260878
369,1,5,2.23606797749979,2.321928094887362,1.6094379124341003,0.6989700043360189,1
370,1,10,3.1622776601683795,3.321928094887362,2.302585092994046,1,1.3913043478260878
371,1,5,2.23606797749979,2.321928094887362,1.6094379124341003,0.6989700043360189,1
372,1,30,5.477225575051661,4.906890595608519,3.4011973816621555,1.4771212547196624,2.9565217391304346
373,1,5,2.23606797749979,2.321928094887362,1.6094379124341003,0.6989700043360189,1
374,1,10,3.1622776601683795,3.321928094887362,2.302585092994046,1,1.3913043478260878
375,1,5,2.23606797749979,2.321928094887362,1.6094379124341003,0.6989700043360189,1
376,1,20,4.47213595499958,4.321928094887363,2.995732273553991,1.3010299956639813,2.1739130434782608
377,1,5,2.23606797749979,2.321928094887362,1.6094379124341003,0.6989700043360189,1
378,1,10,3.1622776601683795,3.321928094887362,2.302585092994046,1,1.3913043478260878
379,1,5,2.23606797749979,2.321928094887362,1.6094379124341003,0.6989700043360189,1
380,1,10,3.1622776601683795,3.321928094887362,2.302585092994046,1,1.3913043478260878
381,1,5,2.23606797749979,2.321928094887362,1.6094379124341003,0.6989700043360189,1
382,1,10,3.1622776601683795,3.321928094887362,2.302585092994046,1,1.3913043478260878
383,1,5,2.23606797749979,2.321928094887362,1.6094379124341003,0.6989700043360189,1
384,1,20,4.47213595499958,4.321928094887363,2.995732273553991,1.3010299956639813,2.1739130434782608
385,1,5,2.23606797749979,2.321928094887362,1.6094379124341003,0.6989700043360189,1
386,1,10,3.1622776601683795,3.321928094887362,2.302585092994046,1,1.3913043478260878
387,1,5,2.23606797749979,2.321928094887362,1.6094379124341003,0.6989700043360189,1
388,1,20,4.47213595499958,4.321928094887363,2.995732273553991,1.3010299956639813,2.1739130434782608
389,1,5,2.23606797749979,2.321928094887362,1.6094379124341003,0.6989700043360189,1
390,1,20,4.47213595499958,4.321928094887363,2.995732273553991,1.3010299956639813,2.1739130434782608
391,1,5,2.23606797749979,2.321928094887362,1.6094379124341003,0.6989700043360189,1
392,1,20,4.47213595499958,4.321928094887363,2.995732273553991,1.3010299956639813,2.1739130434782608
393,1,5,2.23606797749979,2.321928094887362,1.6094379124341003,0.6989700043360189,1
394,1,10,3.1622776601683795,3.321928094887362,2.302585092994046,1,1.3913043478260878
395,1,5,2.23606797749979,2.321928094887362,1.6094379124341003,0.6989700043360189,1
396,1,20,4.47213595499958,4.321928094887363,2.995732273553991,1.3010299956639813,2.1739130434782608
397,1,5,2.23606797749979,2.321928094887362,1.6094379124341003,0.6989700043360189,1
398,1,10,3.1622776601683795,3.321928094887362,2.302585092994046,1,1.3913043478260878
399,1,5,2.23606797749979,2.321928094887362,1.6094379124341003,0.6989700043360189,1
400,1,10,3.1622776601683795,3.321928094887362,2.302585092994046,1,1.3913043478260878
401,1,5,2.23606797749979,2.321928094887362,1.6094379124341003,0.6989700043360189,1
402,1,10,3.1622776601683795,3.321928094887362,2.302585092994046,1,1.3913043478260878
403,1,5,2.23606797749979,2.321928094887362,1.6094379124341003,0.6989700043360189,1
404,1,10,3.1622776601683795,3.321928094887362,2.302585092994046,1,1.3913043478260878
405,1,5,2.23606797749979,2.321928094887362,1.6094379124341003,0.6989700043360189,1
406,1,20,4.47213595499958,4.321928094887363,2.995732273553991,1.3010299956639813,2.1739130434782608
407,1,5,2.23606797749979,2.321928094887362,1.6094379124341003,0.6989700043360189,1
408,1,40,6.324555320336759,5.321928094887363,3.6888794541139363,1.6020599913279623,3.7391304347826084
409,1,5,2.23606797749979,2.321928094887362,1.6094379124341003,0.6989700043360189,1
410,1,10,3.1622776601683795,3.321928094887362,2.302585092994046,1,1.3913043478260878
411,1,5,2.23606797749979,2.321928094887362,1.6094379124341003,0.6989700043360189,1
412,1,20,4.47213595499958,4.321928094887363,2.995732273553991,1.3010299956639813,2.1739130434782608
413,1,5,2.23606797749979,2.321928094887362,1.6094379124341003,0.6989700043360189,1
414,1,20,4.47213595499958,4.321928094887363,2.995732273553991,1.3010299956639813,2.1739130434782608
415,1,5,2.23606797749979,2.321928094887362,1.6094379124341003,0.6989700043360189,1
416,1,30,5.477225575051661,4.906890595608519,3.4011973816621555,1.4771212547196624,2.9565217391304346
417,1,5,2.23606797749979,2.321928094887362,1.6094379124341003,0.6989700043360189,1
418,1,30,5.477225575051661,4.906890595608519,3.4011973816621555,1.4771212547196624,2.9565217391304346
419,1,5,2.23606797749979,2.321928094887362,1.6094379124341003,0.6989700043360189,1
420,1,20,4.47213595499958,4.321928094887363,2.995732273553991,1.3010299956639813,2.1739130434782608
421,1,5,2.23606797749979,2.321928094887362,1.6094379124341003,0.6989700043360189,1
422,1,20,4.47213595499958,4.321928094887363,2.995732273553991,1.3010299956639813,2.1739130434782608
423,1,5,2.23606797749979,2.321928094887362,1.6094379124341003,0.6989700043360189,1
424,1,30,5.477225575051661,4.906890595608519,3.4011973816621555,1.4771212547196624,2.9565217391304346
425,1,5,2.23606797749979,2.321928094887362,1.6094379124341003,0.6989700043360189,1
426,1,10,3.1622776601683795,3.321928094887362,2.302585092994046,1,1.3913043478260878
427,1,20,4.47213595499958,4.321928094887363,2.995732273553991,1.3010299956639813,2.1739130434782608
428,1,10,3.1622776601683795,3.321928094887362,2.302585092994046,1,1.3913043478260878
429,1,5,2.23606797749979,2.321928094887362,1.6094379124341003,0.6989700043360189,1
430,1,20,4.47213595499958,4.321928094887363,2.995732273553991,1.3010299956639813,2.1739130434782608
431,1,10,3.1622776601683795,3.321928094887362,2.302585092994046,1,1.3913043478260878
432,1,10,3.1622776601683795,3.321928094887362,2.302585092994046,1,1.3913043478260878
433,1,10,3.1622776601683795,3.321928094887362,2.302585092994046,1,1.3913043478260878
434,1,20,4.47213595499958,4.321928094887363,2.995732273553991,1.3010299956639813,2.1739130434782608
435,1,5,2.23606797749979,2.321928094887362,1.6094379124341003,0.6989700043360189,1
436,1,10,3.1622776601683795,3.321928094887362,2.302585092994046,1,1.3913043478260878
437,1,5,2.23606797749979,2.321928094887362,1.6094379124341003,0.6989700043360189,1
438,1,10,3.1622776601683795,3.321928094887362,2.302585092994046,1,1.3913043478260878
439,1,5,2.23606797749979,2.321928094887362,1.6094379124341003,0.6989700043360189,1
440,1,10,3.1622776601683795,3.321928094887362,2.302585092994046,1,1.3913043478260878
441,1,5,2.23606797749979,2.321928094887362,1.6094379124341003,0.6989700043360189,1
442,1,10,3.1622776601683795,3.321928094887362,2.302585092994046,1,1.3913043478260878
443,1,5,2.23606797749979,2.321928094887362,1.6094379124341003,0.6989700043360189,1
444,1,40,6.324555320336759,5.321928094887363,3.6888794541139363,1.6020599913279623,3.7391304347826084
445,1,5,2.23606797749979,2.321928094887362,1.6094379124341003,0.6989700043360189,1
446,1,30,5.477225575051661,4.906890595608519,3.4011973816621555,1.4771212547196624,2.9565217391304346
447,1,5,2.23606797749979,2.321928094887362,1.6094379124341003,0.6989700043360189,1
448,1,10,3.1622776601683795,3.321928094887362,2.302585092994046,1,1.3913043478260878
449,1,5,2.23606797749979,2.321928094887362,1.6094379124341003,0.6989700043360189,1
450,1,10,3.1622776601683795,3.321928094887362,2.302585092994046,1,1.3913043478260878
451,1,5,2.23606797749979,2.321928094887362,1.6094379124341003,0.6989700043360189,1
452,1,10,3.1622776601683795,3.321928094887362,2.302585092994046,1,1.3913043478260878
453,1,5,2.23606797749979,2.321928094887362,1.6094379124341003,0.6989700043360189,1
454,1,20,4.47213595499958,4.321928094887363,2.995732273553991,1.3010299956639813,2.1739130434782608
455,1,10,3.1622776601683795,3.321928094887362,2.302585092994046,1,1.3913043478260878
456,1,10,3.1622776601683795,3.321928094887362,2.302585092994046,1,1.3913043478260878
457,1,5,2.23606797749979,2.321928094887362,1.6094379124341003,0.6989700043360189,1
458,1,10,3.1622776601683795,3.321928094887362,2.302585092994046,1,1.3913043478260878
459,1,5,2.23606797749979,2.321928094887362,1.6094379124341003,0.6989700043360189,1
460,1,40,6.324555320336759,5.321928094887363,3.6888794541139363,1.6020599913279623,3.7391304347826084
461,1,5,2.23606797749979,2.321928094887362,1.6094379124341003,0.6989700043360189,1
462,1,10,3.1622776601683795,3.321928094887362,2.302585092994046,1,1.3913043478260878
463,1,10,3.1622776601683795,3.321928094887362,2.302585092994046,1,1.3913043478260878
464,1,10,3.1622776601683795,3.321928094887362,2.302585092994046,1,1.3913043478260878
465,1,10,3.1622776601683795,3.321928094887362,2.302585092994046,1,1.3913043478260878
466,1,10,3.1622776601683795,3.321928094887362,2.302585092994046,1,1.3913043478260878
467,1,10,3.1622776601683795,3.321928094887362,2.302585092994046,1,1.3913043478260878
468,1,10,3.1622776601683795,3.321928094887362,2.302585092994046,1,1.3913043478260878
469,1,5,2.23606797749979,2.321928094887362,1.6094379124341003,0.6989700043360189,1
470,1,20,4.47213595499958,4.321928094887363,2.995732273553991,1.3010299956639813,2.1739130434782608
471,1,10,3.1622776601683795,3.321928094887362,2.302585092994046,1,1.3913043478260878
472,1,10,3.1622776601683795,3.321928094887362,2.302585092994046,1,1.3913043478260878
473,1,10,3.1622776601683795,3.321928094887362,2.302585092994046,1,1.3913043478260878
474,1,10,3.1622776601683795,3.321928094887362,2.302585092994046,1,1.3913043478260878
475,1,5,2.23606797749979,2.321928094887362,1.6094379124341003,0.6989700043360189,1
476,1,10,3.1622776601683795,3.321928094887362,2.302585092994046,1,1.3913043478260878
477,1,10,3.1622776601683795,3.321928094887362,2.302585092994046,1,1.3913043478260878
478,1,10,3.1622776601683795,3.321928094887362,2.302585092994046,1,1.3913043478260878
479,1,5,2.23606797749979,2.321928094887362,1.6094379124341003,0.6989700043360189,1
480,1,60,7.745966692414834,5.906890595608519,4.0943445622221,1.7781512503836436,5.304347826086956
481,1,5,2.23606797749979,2.321928094887362,1.6094379124341003,0.6989700043360189,1
482,1,10,3.1622776601683795,3.321928094887362,2.302585092994046,1,1.3913043478260878
483,1,10,3.1622776601683795,3.321928094887362,2.302585092994046,1,1.3913043478260878
484,1,10,3.1622776601683795,3.321928094887362,2.302585092994046,1,1.3913043478260878
485,1,5,2.23606797749979,2.321928094887362,1.6094379124341003,0.6989700043360189,1
486,1,20,4.47213595499958,4.321928094887363,2.995732273553991,1.3010299956639813,2.1739130434782608
487,1,5,2.23606797749979,2.321928094887362,1.6094379124341003,0.6989700043360189,1
488,1,10,3.1622776601683795,3.321928094887362,2.302585092994046,1,1.3913043478260878
489,1,10,3.1622776601683795,3.321928094887362,2.302585092994046,1,1.3913043478260878
490,1,10,3.1622776601683795,3.321928094887362,2.302585092994046,1,1.3913043478260878
491,1,10,3.1622776601683795,3.321928094887362,2.302585092994046,1,1.3913043478260878
492,1,10,3.1622776601683795,3.321928094887362,2.302585092994046,1,1.3913043478260878
493,1,5,2.23606797749979,2.321928094887362,1.6094379124341003,0.6989700043360189,1
494,1,10,3.1622776601683795,3.321928094887362,2.302585092994046,1,1.3913043478260878
495,1,5,2.23606797749979,2.321928094887362,1.6094379124341003,0.6989700043360189,1
496,1,10,3.1622776601683795,3.321928094887362,2.302585092994046,1,1.3913043478260878
497,1,5,2.23606797749979,2.321928094887362,1.6094379124341003,0.6989700043360189,1
498,1,10,3.1622776601683795,3.321928094887362,2.302585092994046,1,1.3913043478260878
499,1,70,8.366600265340756,6.129283016944966,4.248495242049359,1.845098040014257,6.086956521739131
500,1,10,3.1622776601683795,3.321928094887362,2.302585092994046,1,1.3913043478260878
501,1,5,2.23606797749979,2.321928094887362,1.6094379124341003,0.6989700043360189,1
502,1,10,3.1622776601683795,3.321928094887362,2.302585092994046,1,1.3913043478260878
503,1,5,2.23606797749979,2.321928094887362,1.6094379124341003,0.6989700043360189,1
504,1,20,4.47213595499958,4.321928094887363,2.995732273553991,1.3010299956639813,2.1739130434782608
505,1,5,2.23606797749979,2.321928094887362,1.6094379124341003,0.6989700043360189,1
506,1,10,3.1622776601683795,3.321928094887362,2.302585092994046,1,1.3913043478260878
507,1,5,2.23606797749979,2.321928094887362,1.6094379124341003,0.6989700043360189,1
508,1,40,6.324555320336759,5.321928094887363,3.6888794541139363,1.6020599913279623,3.7391304347826084
509,1,5,2.23606797749979,2.321928094887362,1.6094379124341003,0.6989700043360189,1
510,1,10,3.1622776601683795,3.321928094887362,2.302585092994046,1,1.3913043478260878
511,1,10,3.1622776601683795,3.321928094887362,2.302585092994046,1,1.3913043478260878
512,1,10,3.1622776601683795,3.321928094887362,2.302585092994046,1,1.3913043478260878
513,1,5,2.23606797749979,2.321928094887362,1.6094379124341003,0.6989700043360189,1
514,1,10,3.1622776601683795,3.321928094887362,2.302585092994046,1,1.3913043478260878
515,1,5,2.23606797749979,2.321928094887362,1.6094379124341003,0.6989700043360189,1
516,1,10,3.1622776601683795,3.321928094887362,2.302585092994046,1,1.3913043478260878
517,1,5,2.23606797749979,2.321928094887362,1.6094379124341003,0.6989700043360189,1
518,1,30,5.477225575051661,4.906890595608519,3.4011973816621555,1.4771212547196624,2.9565217391304346
519,1,5,2.23606797749979,2.321928094887362,1.6094379124341003,0.6989700043360189,1
520,1,20,4.47213595499958,4.321928094887363,2.995732273553991,1.3010299956639813,2.1739130434782608
521,1,5,2.23606797749979,2.321928094887362,1.6094379124341003,0.6989700043360189,1
522,1,10,3.1622776601683795,3.321928094887362,2.302585092994046,1,1.3913043478260878
523,1,5,2.23606797749979,2.321928094887362,1.6094379124341003,0.6989700043360189,1
524,1,10,3.1622776601683795,3.321928094887362,2.302585092994046,1,1.3913043478260878
525,1,10,3.1622776601683795,3.321928094887362,2.302585092994046,1,1.3913043478260878
526,1,10,3.1622776601683795,3.321928094887362,2.302585092994046,1,1.3913043478260878
527,1,5,2.23606797749979,2.321928094887362,1.6094379124341003,0.6989700043360189,1
528,1,10,3.1622776601683795,3.321928094887362,2.302585092994046,1,1.3913043478260878
529,1,5,2.23606797749979,2.321928094887362,1.6094379124341003,0.6989700043360189,1
530,1,10,3.1622776601683795,3.321928094887362,2.302585092994046,1,1.3913043478260878
531,1,5,2.23606797749979,2.321928094887362,1.6094379124341003,0.6989700043360189,1
532,1,20,4.47213595499958,4.321928094887363,2.995732273553991,1.3010299956639813,2.1739130434782608
533,1,5,2.23606797749979,2.321928094887362,1.6094379124341003,0.6989700043360189,1
534,1,20,4.47213595499958,4.321928094887363,2.995732273553991,1.3010299956639813,2.1739130434782608
535,1,5,2.23606797749979,2.321928094887362,1.6094379124341003,0.6989700043360189,1
536,1,20,4.47213595499958,4.321928094887363,2.995732273553991,1.3010299956639813,2.1739130434782608
537,1,10,3.1622776601683795,3.321928094887362,2.302585092994046,1,1.3913043478260878
538,1,20,4.47213595499958,4.321928094887363,2.995732273553991,1.3010299956639813,2.1739130434782608
539,1,5,2.23606797749979,2.321928094887362,1.6094379124341003,0.6989700043360189,1
540,1,20,4.47213595499958,4.321928094887363,2.995732273553991,1.3010299956639813,2.1739130434782608
541,1,5,2.23606797749979,2.321928094887362,1.6094379124341003,0.6989700043360189,1
542,1,20,4.47213595499958,4.321928094887363,2.995732273553991,1.3010299956639813,2.1739130434782608
543,1,5,2.23606797749979,2.321928094887362,1.6094379124341003,0.6989700043360189,1
544,1,40,6.324555320336759,5.321928094887363,3.6888794541139363,1.6020599913279623,3.7391304347826084
545,1,5,2.23606797749979,2.321928094887362,1.6094379124341003,0.6989700043360189,1
546,1,10,3.1622776601683795,3.321928094887362,2.302585092994046,1,1.3913043478260878
547,1,5,2.23606797749979,2.321928094887362,1.6094379124341003,0.6989700043360189,1
548,1,10,3.1622776601683795,3.321928094887362,2.302585092994046,1,1.3913043478260878
549,1,5,2.23606797749979,2.321928094887362,1.6094379124341003,0.6989700043360189,1
550,1,20,4.47213595499958,4.321928094887363,2.995732273553991,1.3010299956639813,2.1739130434782608
551,1,5,2.23606797749979,2.321928094887362,1.6094379124341003,0.6989700043360189,1
552,1,20,4.47213595499958,4.321928094887363,2.995732273553991,1.3010299956639813,2.1739130434782608
553,1,5,2.23606797749979,2.321928094887362,1.6094379124341003,0.6989700043360189,1
554,1,10,3.1622776601683795,3.321928094887362,2.302585092994046,1,1.3913043478260878
555,1,5,2.23606797749979,2.321928094887362,1.6094379124341003,0.6989700043360189,1
556,1,30,5.477225575051661,4.906890595608519,3.4011973816621555,1.4771212547196624,2.9565217391304346
557,1,5,2.23606797749979,2.321928094887362,1.6094379124341003,0.6989700043360189,1
558,1,10,3.1622776601683795,3.321928094887362,2.302585092994046,1,1.3913043478260878
559,1,5,2.23606797749979,2.321928094887362,1.6094379124341003,0.6989700043360189,1
560,1,10,3.1622776601683795,3.321928094887362,2.302585092994046,1,1.3913043478260878
561,1,5,2.23606797749979,2.321928094887362,1.6094379124341003,0.6989700043360189,1
562,1,20,4.47213595499958,4.321928094887363,2.995732273553991,1.3010299956639813,2.1739130434782608
563,1,5,2.23606797749979,2.321928094887362,1.6094379124341003,0.6989700043360189,1
564,1,20,4.47213595499958,4.321928094887363,2.995732273553991,1.3010299956639813,2.1739130434782608
565,1,5,2.23606797749979,2.321928094887362,1.6094379124341003,0.6989700043360189,1
566,1,20,4.47213595499958,4.321928094887363,2.995732273553991,1.3010299956639813,2.1739130434782608
567,1,5,2.23606797749979,2.321928094887362,1.6094379124341003,0.6989700043360189,1
568,1,10,3.1622776601683795,3.321928094887362,2.302585092994046,1,1.3913043478260878
569,1,5,2.23606797749979,2.321928094887362,1.6094379124341003,0.6989700043360189,1
570,1,20,4.47213595499958,4.321928094887363,2.995732273553991,1.3010299956639813,2.1739130434782608
571,1,5,2.23606797749979,2.321928094887362,1.6094379124341003,0.6989700043360189,1
572,1,10,3.1622776601683795,3.321928094887362,2.302585092994046,1,1.3913043478260878
573,1,10,3.1622776601683795,3.321928094887362,2.302585092994046,1,1.3913043478260878
574,1,20,4.47213595499958,4.321928094887363,2.995732273553991,1.3010299956639813,2.1739130434782608
575,1,20,4.47213595499958,4.321928094887363,2.995732273553991,1.3010299956639813,2.1739130434782608
576,1,10,3.1622776601683795,3.321928094887362,2.302585092994046,1,1.3913043478260878
577,1,5,2.23606797749979,2.321928094887362,1.6094379124341003,0.6989700043360189,1
578,1,20,4.47213595499958,4.321928094887363,2.995732273553991,1.3010299956639813,2.1739130434782608
579,1,10,3.1622776601683795,3.321928094887362,2.302585092994046,1,1.3913043478260878
580,1,10,3.1622776601683795,3.321928094887362,2.302585092994046,1,1.3913043478260878
581,1,5,2.23606797749979,2.321928094887362,1.6094379124341003,0.6989700043360189,1
582,1,30,5.477225575051661,4.906890595608519,3.4011973816621555,1.4771212547196624,2.9565217391304346
583,1,5,2.23606797749979,2.321928094887362,1.6094379124341003,0.6989700043360189,1
584,1,20,4.47213595499958,4.321928094887363,2.995732273553991,1.3010299956639813,2.1739130434782608
585,1,5,2.23606797749979,2.321928094887362,1.6094379124341003,0.6989700043360189,1
586,1,10,3.1622776601683795,3.321928094887362,2.302585092994046,1,1.3913043478260878
587,1,5,2.23606797749979,2.321928094887362,1.6094379124341003,0.6989700043360189,1
588,1,20,4.47213595499958,4.321928094887363,2.995732273553991,1.3010299956639813,2.1739130434782608
589,1,10,3.1622776601683795,3.321928094887362,2.302585092994046,1,1.3913043478260878
590,1,10,3.1622776601683795,3.321928094887362,2.302585092994046,1,1.3913043478260878
591,1,5,2.23606797749979,2.321928094887362,1.6094379124341003,0.6989700043360189,1
592,1,10,3.1622776601683795,3.321928094887362,2.302585092994046,1,1.3913043478260878
593,1,5,2.23606797749979,2.321928094887362,1.6094379124341003,0.6989700043360189,1
594,1,10,3.1622776601683795,3.321928094887362,2.302585092994046,1,1.3913043478260878
595,1,10,3.1622776601683795,3.321928094887362,2.302585092994046,1,1.3913043478260878
596,1,20,4.47213595499958,4.321928094887363,2.995732273553991,1.3010299956639813,2.1739130434782608
597,1,5,2.23606797749979,2.321928094887362,1.6094379124341003,0.6989700043360189,1
598,1,10,3.1622776601683795,3.321928094887362,2.302585092994046,1,1.3913043478260878
599,1,5,2.23606797749979,2.321928094887362,1.6094379124341003,0.6989700043360189,1
600,1,10,3.1622776601683795,3.321928094887362,2.302585092994046,1,1.3913043478260878
601,1,5,2.23606797749979,2.321928094887362,1.6094379124341003,0.6989700043360189,1
602,1,20,4.47213595499958,4.321928094887363,2.995732273553991,1.3010299956639813,2.1739130434782608
603,1,5,2.23606797749979,2.321928094887362,1.6094379124341003,0.6989700043360189,1
604,1,10,3.1622776601683795,3.321928094887362,2.302585092994046,1,1.3913043478260878
605,1,5,2.23606797749979,2.321928094887362,1.6094379124341003,0.6989700043360189,1
606,1,40,6.324555320336759,5.321928094887363,3.6888794541139363,1.6020599913279623,3.7391304347826084
607,1,5,2.23606797749979,2.321928094887362,1.6094379124341003,0.6989700043360189,1
608,1,10,3.1622776601683795,3.321928094887362,2.302585092994046,1,1.3913043478260878
609,1,5,2.23606797749979,2.321928094887362,1.6094379124341003,0.6989700043360189,1
610,1,20,4.47213595499958,4.321928094887363,2.995732273553991,1.3010299956639813,2.1739130434782608
611,1,20,4.47213595499958,4.321928094887363,2.995732273553991,1.3010299956639813,2.1739130434782608
612,1,10,3.1622776601683795,3.321928094887362,2.302585092994046,1,1.3913043478260878
613,1,10,3.1622776601683795,3.321928094887362,2.302585092994046,1,1.3913043478260878
614,1,10,3.1622776601683795,3.321928094887362,2.302585092994046,1,1.3913043478260878
615,1,5,2.23606797749979,2.321928094887362,1.6094379124341003,0.6989700043360189,1
616,1,10,3.1622776601683795,3.321928094887362,2.302585092994046,1,1.3913043478260878
617,1,20,4.47213595499958,4.321928094887363,2.995732273553991,1.3010299956639813,2.1739130434782608
618,1,20,4.47213595499958,4.321928094887363,2.995732273553991,1.3010299956639813,2.1739130434782608
619,1,5,2.23606797749979,2.321928094887362,1.6094379124341003,0.6989700043360189,1
620,1,10,3.1622776601683795,3.321928094887362,2.302585092994046,1,1.3913043478260878
621,1,5,2.23606797749979,2.321928094887362,1.6094379124341003,0.6989700043360189,1
622,1,20,4.47213595499958,4.321928094887363,2.995732273553991,1.3010299956639813,2.1739130434782608
623,1,5,2.23606797749979,2.321928094887362,1.6094379124341003,0.6989700043360189,1
624,1,10,3.1622776601683795,3.321928094887362,2.302585092994046,1,1.3913043478260878
625,1,5,2.23606797749979,2.321928094887362,1.6094379124341003,0.6989700043360189,1
626,1,50,7.0710678118654755,5.643856189774724,3.912023005428146,1.6989700043360187,4.521739130434782
627,1,5,2.23606797749979,2.321928094887362,1.6094379124341003,0.6989700043360189,1
628,1,10,3.1622776601683795,3.321928094887362,2.302585092994046,1,1.3913043478260878
629,1,5,2.23606797749979,2.321928094887362,1.6094379124341003,0.6989700043360189,1
630,1,20,4.47213595499958,4.321928094887363,2.995732273553991,1.3010299956639813,2.1739130434782608
631,1,5,2.23606797749979,2.321928094887362,1.6094379124341003,0.6989700043360189,1
632,1,10,3.1622776601683795,3.321928094887362,2.302585092994046,1,1.3913043478260878
633,1,5,2.23606797749979,2.321928094887362,1.6094379124341003,0.6989700043360189,1
634,1,20,4.47213595499958,4.321928094887363,2.995732273553991,1.3010299956639813,2.1739130434782608
635,1,5,2.23606797749979,2.321928094887362,1.6094379124341003,0.6989700043360189,1
636,1,10,3.1622776601683795,3.321928094887362,2.302585092994046,1,1.3913043478260878
637,1,5,2.23606797749979,2.321928094887362,1.6094379124341003,0.6989700043360189,1
638,1,10,3.1622776601683795,3.321928094887362,2.302585092994046,1,1.3913043478260878
639,1,10,3.1622776601683795,3.321928094887362,2.302585092994046,1,1.3913043478260878
640,1,20,4.47213595499958,4.321928094887363,2.995732273553991,1.3010299956639813,2.1739130434782608
641,1,5,2.23606797749979,2.321928094887362,1.6094379124341003,0.6989700043360189,1
642,1,10,3.1622776601683795,3.321928094887362,2.302585092994046,1,1.3913043478260878
643,1,5,2.23606797749979,2.321928094887362,1.6094379124341003,0.6989700043360189,1
644,1,30,5.477225575051661,4.906890595608519,3.4011973816621555,1.4771212547196624,2.9565217391304346
645,1,5,2.23606797749979,2.321928094887362,1.6094379124341003,0.6989700043360189,1
646,1,20,4.47213595499958,4.321928094887363,2.995732273553991,1.3010299956639813,2.1739130434782608
647,1,5,2.23606797749979,2.321928094887362,1.6094379124341003,0.6989700043360189,1
648,1,20,4.47213595499958,4.321928094887363,2.995732273553991,1.3010299956639813,2.1739130434782608
649,1,5,2.23606797749979,2.321928094887362,1.6094379124341003,0.6989700043360189,1
650,1,30,5.477225575051661,4.906890595608519,3.4011973816621555,1.4771212547196624,2.9565217391304346
651,1,5,2.23606797749979,2.321928094887362,1.6094379124341003,0.6989700043360189,1
652,1,10,3.1622776601683795,3.321928094887362,2.302585092994046,1,1.3913043478260878
653,1,10,3.1622776601683795,3.321928094887362,2.302585092994046,1,1.3913043478260878
654,1,10,3.1622776601683795,3.321928094887362,2.302585092994046,1,1.3913043478260878
655,1,5,2.23606797749979,2.321928094887362,1.6094379124341003,0.6989700043360189,1
656,1,10,3.1622776601683795,3.321928094887362,2.302585092994046,1,1.3913043478260878
657,1,5,2.23606797749979,2.321928094887362,1.6094379124341003,0.6989700043360189,1
658,1,10,3.1622776601683795,3.321928094887362,2.302585092994046,1,1.3913043478260878
659,1,5,2.23606797749979,2.321928094887362,1.6094379124341003,0.6989700043360189,1
660,1,20,4.47213595499958,4.321928094887363,2.995732273553991,1.3010299956639813,2.1739130434782608
661,1,5,2.23606797749979,2.321928094887362,1.6094379124341003,0.6989700043360189,1
662,1,10,3.1622776601683795,3.321928094887362,2.302585092994046,1,1.3913043478260878
663,1,5,2.23606797749979,2.321928094887362,1.6094379124341003,0.6989700043360189,1
664,1,10,3.1622776601683795,3.321928094887362,2.302585092994046,1,1.3913043478260878
665,1,5,2.23606797749979,2.321928094887362,1.6094379124341003,0.6989700043360189,1
666,1,20,4.47213595499958,4.321928094887363,2.995732273553991,1.3010299956639813,2.1739130434782608
667,1,5,2.23606797749979,2.321928094887362,1.6094379124341003,0.6989700043360189,1
668,1,10,3.1622776601683795,3.321928094887362,2.302585092994046,1,1.3913043478260878
669,1,5,2.23606797749979,2.321928094887362,1.6094379124341003,0.6989700043360189,1
670,1,20,4.47213595499958,4.321928094887363,2.995732273553991,1.3010299956639813,2.1739130434782608
671,1,10,3.1622776601683795,3.321928094887362,2.302585092994046,1,1.3913043478260878
672,1,10,3.1622776601683795,3.321928094887362,2.302585092994046,1,1.3913043478260878
673,1,5,2.23606797749979,2.321928094887362,1.6094379124341003,0.6989700043360189,1
674,1,10,3.1622776601683795,3.321928094887362,2.302585092994046,1,1.3913043478260878
675,1,5,2.23606797749979,2.321928094887362,1.6094379124341003,0.6989700043360189,1
676,1,10,3.1622776601683795,3.321928094887362,2.302585092994046,1,1.3913043478260878
677,1,5,2.23606797749979,2.321928094887362,1.6094379124341003,0.6989700043360189,1
678,1,20,4.47213595499958,4.321928094887363,2.995732273553991,1.3010299956639813,2.1739130434782608
679,1,5,2.23606797749979,2.321928094887362,1.6094379124341003,0.6989700043360189,1
680,1,30,5.477225575051661,4.906890595608519,3.4011973816621555,1.4771212547196624,2.9565217391304346
681,1,5,2.23606797749979,2.321928094887362,1.6094379124341003,0.6989700043360189,1
682,1,20,4.47213595499958,4.321928094887363,2.995732273553991,1.3010299956639813,2.1739130434782608
683,1,10,3.1622776601683795,3.321928094887362,2.302585092994046,1,1.3913043478260878
684,1,10,3.1622776601683795,3.321928094887362,2.302585092994046,1,1.3913043478260878
685,1,5,2.23606797749979,2.321928094887362,1.6094379124341003,0.6989700043360189,1
686,1,10,3.1622776601683795,3.321928094887362,2.302585092994046,1,1.3913043478260878
687,1,5,2.23606797749979,2.321928094887362,1.6094379124341003,0.6989700043360189,1
688,1,20,4.47213595499958,4.321928094887363,2.995732273553991,1.3010299956639813,2.1739130434782608
689,1,10,3.1622776601683795,3.321928094887362,2.302585092994046,1,1.3913043478260878
690,1,80,8.94427190999916,6.321928094887363,4.382026634673881,1.9030899869919435,6.869565217391305
691,1,5,2.23606797749979,2.321928094887362,1.6094379124341003,0.6989700043360189,1
692,1,20,4.47213595499958,4.321928094887363,2.995732273553991,1.3010299956639813,2.1739130434782608
693,1,5,2.23606797749979,2.321928094887362,1.6094379124341003,0.6989700043360189,1
694,1,50,7.0710678118654755,5.643856189774724,3.912023005428146,1.6989700043360187,4.521739130434782
695,1,60,7.745966692414834,5.906890595608519,4.0943445622221,1.7781512503836436,5.304347826086956
696,1,10,3.1622776601683795,3.321928094887362,2.302585092994046,1,1.3913043478260878
697,1,5,2.23606797749979,2.321928094887362,1.6094379124341003,0.6989700043360189,1
698,1,10,3.1622776601683795,3.321928094887362,2.302585092994046,1,1.3913043478260878
699,1,5,2.23606797749979,2.321928094887362,1.6094379124341003,0.6989700043360189,1
700,1,20,4.47213595499958,4.321928094887363,2.995732273553991,1.3010299956639813,2.1739130434782608
701,1,5,2.23606797749979,2.321928094887362,1.6094379124341003,0.6989700043360189,1
702,1,10,3.1622776601683795,3.321928094887362,2.302585092994046,1,1.3913043478260878
703,1,5,2.23606797749979,2.321928094887362,1.6094379124341003,0.6989700043360189,1
704,1,20,4.47213595499958,4.321928094887363,2.995732273553991,1.3010299956639813,2.1739130434782608
705,1,5,2.23606797749979,2.321928094887362,1.6094379124341003,0.6989700043360189,1
706,1,20,4.47213595499958,4.321928094887363,2.995732273553991,1.3010299956639813,2.1739130434782608
707,1,5,2.23606797749979,2.321928094887362,1.6094379124341003,0.6989700043360189,1
708,1,10,3.1622776601683795,3.321928094887362,2.302585092994046,1,1.3913043478260878
709,1,10,3.1622776601683795,3.321928094887362,2.302585092994046,1,1.3913043478260878
710,1,10,3.1622776601683795,3.321928094887362,2.302585092994046,1,1.3913043478260878
711,1,5,2.23606797749979,2.321928094887362,1.6094379124341003,0.6989700043360189,1
712,1,10,3.1622776601683795,3.321928094887362,2.302585092994046,1,1.3913043478260878
713,1,5,2.23606797749979,2.321928094887362,1.6094379124341003,0.6989700043360189,1
714,1,30,5.477225575051661,4.906890595608519,3.4011973816621555,1.4771212547196624,2.9565217391304346
715,1,5,2.23606797749979,2.321928094887362,1.6094379124341003,0.6989700043360189,1
716,1,10,3.1622776601683795,3.321928094887362,2.302585092994046,1,1.3913043478260878
717,1,5,2.23606797749979,2.321928094887362,1.6094379124341003,0.6989700043360189,1
718,1,20,4.47213595499958,4.321928094887363,2.995732273553991,1.3010299956639813,2.1739130434782608
719,1,5,2.23606797749979,2.321928094887362,1.6094379124341003,0.6989700043360189,1
720,1,10,3.1622776601683795,3.321928094887362,2.302585092994046,1,1.3913043478260878
721,1,5,2.23606797749979,2.321928094887362,1.6094379124341003,0.6989700043360189,1
722,1,60,7.745966692414834,5.906890595608519,4.0943445622221,1.7781512503836436,5.304347826086956
723,1,5,2.23606797749979,2.321928094887362,1.6094379124341003,0.6989700043360189,1
724,1,20,4.47213595499958,4.321928094887363,2.995732273553991,1.3010299956639813,2.1739130434782608
725,1,10,3.1622776601683795,3.321928094887362,2.302585092994046,1,1.3913043478260878
726,1,10,3.1622776601683795,3.321928094887362,2.302585092994046,1,1.3913043478260878
727,1,5,2.23606797749979,2.321928094887362,1.6094379124341003,0.6989700043360189,1
728,1,30,5.477225575051661,4.906890595608519,3.4011973816621555,1.4771212547196624,2.9565217391304346
729,1,5,2.23606797749979,2.321928094887362,1.6094379124341003,0.6989700043360189,1
730,1,20,4.47213595499958,4.321928094887363,2.995732273553991,1.3010299956639813,2.1739130434782608
731,1,10,3.1622776601683795,3.321928094887362,2.302585092994046,1,1.3913043478260878
732,1,10,3.1622776601683795,3.321928094887362,2.302585092994046,1,1.3913043478260878
733,1,5,2.23606797749979,2.321928094887362,1.6094379124341003,0.6989700043360189,1
734,1,10,3.1622776601683795,3.321928094887362,2.302585092994046,1,1.3913043478260878
735,1,5,2.23606797749979,2.321928094887362,1.6094379124341003,0.6989700043360189,1
736,1,10,3.1622776601683795,3.321928094887362,2.302585092994046,1,1.3913043478260878
737,1,5,2.23606797749979,2.321928094887362,1.6094379124341003,0.6989700043360189,1
738,1,20,4.47213595499958,4.321928094887363,2.995732273553991,1.3010299956639813,2.1739130434782608
739,1,5,2.23606797749979,2.321928094887362,1.6094379124341003,0.6989700043360189,1
740,1,20,4.47213595499958,4.321928094887363,2.995732273553991,1.3010299956639813,2.1739130434782608
741,1,5,2.23606797749979,2.321928094887362,1.6094379124341003,0.6989700043360189,1
742,1,20,4.47213595499958,4.321928094887363,2.995732273553991,1.3010299956639813,2.1739130434782608
743,1,5,2.23606797749979,2.321928094887362,1.6094379124341003,0.6989700043360189,1
744,1,20,4.47213595499958,4.321928094887363,2.995732273553991,1.3010299956639813,2.1739130434782608
745,1,10,3.1622776601683795,3.321928094887362,2.302585092994046,1,1.3913043478260878
746,1,10,3.1622776601683795,3.321928094887362,2.302585092994046,1,1.3913043478260878
747,1,5,2.23606797749979,2.321928094887362,1.6094379124341003,0.6989700043360189,1
748,1,30,5.477225575051661,4.906890595608519,3.4011973816621555,1.4771212547196624,2.9565217391304346
749,1,5,2.23606797749979,2.321928094887362,1.6094379124341003,0.6989700043360189,1
750,1,20,4.47213595499958,4.321928094887363,2.995732273553991,1.3010299956639813,2.1739130434782608
751,1,5,2.23606797749979,2.321928094887362,1.6094379124341003,0.6989700043360189,1
752,1,10,3.1622776601683795,3.321928094887362,2.302585092994046,1,1.3913043478260878
753,1,5,2.23606797749979,2.321928094887362,1.6094379124341003,0.6989700043360189,1
754,1,20,4.47213595499958,4.321928094887363,2.995732273553991,1.3010299956639813,2.1739130434782608
755,1,5,2.23606797749979,2.321928094887362,1.6094379124341003,0.6989700043360189,1
756,1,10,3.1622776601683795,3.321928094887362,2.302585092994046,1,1.3913043478260878
757,1,5,2.23606797749979,2.321928094887362,1.6094379124341003,0.6989700043360189,1
758,1,20,4.47213595499958,4.321928094887363,2.995732273553991,1.3010299956639813,2.1739130434782608
759,1,5,2.23606797749979,2.321928094887362,1.6094379124341003,0.6989700043360189,1
760,1,10,3.1622776601683795,3.321928094887362,2.302585092994046,1,1.3913043478260878
761,1,5,2.23606797749979,2.321928094887362,1.6094379124341003,0.6989700043360189,1
762,1,10,3.1622776601683795,3.321928094887362,2.302585092994046,1,1.3913043478260878
763,1,5,2.23606797749979,2.321928094887362,1.6094379124341003,0.6989700043360189,1
764,1,10,3.1622776601683795,3.321928094887362,2.302585092994046,1,1.3913043478260878
765,1,5,2.23606797749979,2.321928094887362,1.6094379124341003,0.6989700043360189,1
766,1,10,3.1622776601683795,3.321928094887362,2.302585092994046,1,1.3913043478260878
767,1,10,3.1622776601683795,3.321928094887362,2.302585092994046,1,1.3913043478260878
768,1,10,3.1622776601683795,3.321928094887362,2.302585092994046,1,1.3913043478260878
769,1,10,3.1622776601683795,3.321928094887362,2.302585092994046,1,1.3913043478260878
770,1,20,4.47213595499958,4.321928094887363,2.995732273553991,1.3010299956639813,2.1739130434782608
771,1,5,2.23606797749979,2.321928094887362,1.6094379124341003,0.6989700043360189,1
772,1,20,4.47213595499958,4.321928094887363,2.995732273553991,1.3010299956639813,2.1739130434782608
773,1,5,2.23606797749979,2.321928094887362,1.6094379124341003,0.6989700043360189,1
774,1,10,3.1622776601683795,3.321928094887362,2.302585092994046,1,1.3913043478260878
775,1,5,2.23606797749979,2.321928094887362,1.6094379124341003,0.6989700043360189,1
776,1,20,4.47213595499958,4.321928094887363,2.995732273553991,1.3010299956639813,2.1739130434782608
777,1,5,2.23606797749979,2.321928094887362,1.6094379124341003,0.6989700043360189,1
778,1,10,3.1622776601683795,3.321928094887362,2.302585092994046,1,1.3913043478260878
779,1,5,2.23606797749979,2.321928094887362,1.6094379124341003,0.6989700043360189,1
780,1,10,3.1622776601683795,3.321928094887362,2.302585092994046,1,1.3913043478260878
781,1,5,2.23606797749979,2.321928094887362,1.6094379124341003,0.6989700043360189,1
782,1,10,3.1622776601683795,3.321928094887362,2.302585092994046,1,1.3913043478260878
783,1,5,2.23606797749979,2.321928094887362,1.6094379124341003,0.6989700043360189,1
784,1,20,4.47213595499958,4.321928094887363,2.995732273553991,1.3010299956639813,2.1739130434782608
785,1,5,2.23606797749979,2.321928094887362,1.6094379124341003,0.6989700043360189,1
786,1,10,3.1622776601683795,3.321928094887362,2.302585092994046,1,1.3913043478260878
787,1,5,2.23606797749979,2.321928094887362,1.6094379124341003,0.6989700043360189,1
788,1,20,4.47213595499958,4.321928094887363,2.995732273553991,1.3010299956639813,2.1739130434782608
789,1,5,2.23606797749979,2.321928094887362,1.6094379124341003,0.6989700043360189,1
790,1,10,3.1622776601683795,3.321928094887362,2.302585092994046,1,1.3913043478260878
791,1,20,4.47213595499958,4.321928094887363,2.995732273553991,1.3010299956639813,2.1739130434782608
792,1,30,5.477225575051661,4.906890595608519,3.4011973816621555,1.4771212547196624,2.9565217391304346
793,1,5,2.23606797749979,2.321928094887362,1.6094379124341003,0.6989700043360189,1
794,1,10,3.1622776601683795,3.321928094887362,2.302585092994046,1,1.3913043478260878
795,1,40,6.324555320336759,5.321928094887363,3.6888794541139363,1.6020599913279623,3.7391304347826084
796,1,10,3.1622776601683795,3.321928094887362,2.302585092994046,1,1.3913043478260878
797,1,5,2.23606797749979,2.321928094887362,1.6094379124341003,0.6989700043360189,1
798,1,20,4.47213595499958,4.321928094887363,2.995732273553991,1.3010299956639813,2.1739130434782608
799,1,5,2.23606797749979,2.321928094887362,1.6094379124341003,0.6989700043360189,1
800,1,10,3.1622776601683795,3.321928094887362,2.302585092994046,1,1.3913043478260878
801,1,5,2.23606797749979,2.321928094887362,1.6094379124341003,0.6989700043360189,1
802,1,20,4.47213595499958,4.321928094887363,2.995732273553991,1.3010299956639813,2.1739130434782608
803,1,5,2.23606797749979,2.321928094887362,1.6094379124341003,0.6989700043360189,1
804,1,10,3.1622776601683795,3.321928094887362,2.302585092994046,1,1.3913043478260878
805,1,5,2.23606797749979,2.321928094887362,1.6094379124341003,0.6989700043360189,1
806,1,10,3.1622776601683795,3.321928094887362,2.302585092994046,1,1.3913043478260878
807,1,5,2.23606797749979,2.321928094887362,1.6094379124341003,0.6989700043360189,1
808,1,20,4.47213595499958,4.321928094887363,2.995732273553991,1.3010299956639813,2.1739130434782608
809,1,5,2.23606797749979,2.321928094887362,1.6094379124341003,0.6989700043360189,1
810,1,10,3.1622776601683795,3.321928094887362,2.302585092994046,1,1.3913043478260878
811,1,5,2.23606797749979,2.321928094887362,1.6094379124341003,0.6989700043360189,1
812,1,20,4.47213595499958,4.321928094887363,2.995732273553991,1.3010299956639813,2.1739130434782608
813,1,5,2.23606797749979,2.321928094887362,1.6094379124341003,0.6989700043360189,1
814,1,10,3.1622776601683795,3.321928094887362,2.302585092994046,1,1.3913043478260878
815,1,5,2.23606797749979,2.321928094887362,1.6094379124341003,0.6989700043360189,1
816,1,10,3.1622776601683795,3.321928094887362,2.302585092994046,1,1.3913043478260878
817,1,5,2.23606797749979,2.321928094887362,1.6094379124341003,0.6989700043360189,1
818,1,20,4.47213595499958,4.321928094887363,2.995732273553991,1.3010299956639813,2.1739130434782608
819,1,5,2.23606797749979,2.321928094887362,1.6094379124341003,0.6989700043360189,1
820,1,10,3.1622776601683795,3.321928094887362,2.302585092994046,1,1.3913043478260878
821,1,5,2.23606797749979,2.321928094887362,1.6094379124341003,0.6989700043360189,1
822,1,10,3.1622776601683795,3.321928094887362,2.302585092994046,1,1.3913043478260878
823,1,10,3.1622776601683795,3.321928094887362,2.302585092994046,1,1.3913043478260878
824,1,10,3.1622776601683795,3.321928094887362,2.302585092994046,1,1.3913043478260878
825,1,5,2.23606797749979,2.321928094887362,1.6094379124341003,0.6989700043360189,1
826,1,10,3.1622776601683795,3.321928094887362,2.302585092994046,1,1.3913043478260878
827,1,5,2.23606797749979,2.321928094887362,1.6094379124341003,0.6989700043360189,1
828,1,10,3.1622776601683795,3.321928094887362,2.302585092994046,1,1.3913043478260878
829,1,5,2.23606797749979,2.321928094887362,1.6094379124341003,0.6989700043360189,1
830,1,10,3.1622776601683795,3.321928094887362,2.302585092994046,1,1.3913043478260878
831,1,5,2.23606797749979,2.321928094887362,1.6094379124341003,0.6989700043360189,1
832,1,20,4.47213595499958,4.321928094887363,2.995732273553991,1.3010299956639813,2.1739130434782608
833,1,5,2.23606797749979,2.321928094887362,1.6094379124341003,0.6989700043360189,1
834,1,10,3.1622776601683795,3.321928094887362,2.302585092994046,1,1.3913043478260878
835,1,5,2.23606797749979,2.321928094887362,1.6094379124341003,0.6989700043360189,1
836,1,10,3.1622776601683795,3.321928094887362,2.302585092994046,1,1.3913043478260878
837,1,5,2.23606797749979,2.321928094887362,1.6094379124341003,0.6989700043360189,1
838,1,10,3.1622776601683795,3.321928094887362,2.302585092994046,1,1.3913043478260878
839,1,10,3.1622776601683795,3.321928094887362,2.302585092994046,1,1.3913043478260878
840,1,10,3.1622776601683795,3.321928094887362,2.302585092994046,1,1.3913043478260878
841,1,100,10,6.643856189774724,4.605170185988092,2,8.434782608695652
842,1,10,3.1622776601683795,3.321928094887362,2.302585092994046,1,1.3913043478260878
843,1,5,2.23606797749979,2.321928094887362,1.6094379124341003,0.6989700043360189,1
844,1,90,9.486832980505138,6.491853096329675,4.499809670330265,1.954242509439325,7.6521739130434785
845,1,5,2.23606797749979,2.321928094887362,1.6094379124341003,0.6989700043360189,1
846,1,40,6.324555320336759,5.321928094887363,3.6888794541139363,1.6020599913279623,3.7391304347826084
847,1,5,2.23606797749979,2.321928094887362,1.6094379124341003,0.6989700043360189,1
848,1,20,4.47213595499958,4.321928094887363,2.995732273553991,1.3010299956639813,2.1739130434782608
849,1,5,2.23606797749979,2.321928094887362,1.6094379124341003,0.6989700043360189,1
850,1,10,3.1622776601683795,3.321928094887362,2.302585092994046,1,1.3913043478260878
851,1,5,2.23606797749979,2.321928094887362,1.6094379124341003,0.6989700043360189,1
852,1,10,3.1622776601683795,3.321928094887362,2.302585092994046,1,1.3913043478260878
853,1,5,2.23606797749979,2.321928094887362,1.6094379124341003,0.6989700043360189,1
854,1,10,3.1622776601683795,3.321928094887362,2.302585092994046,1,1.3913043478260878
855,1,20,4.47213595499958,4.321928094887363,2.995732273553991,1.3010299956639813,2.1739130434782608
856,1,40,6.324555320336759,5.321928094887363,3.6888794541139363,1.6020599913279623,3.7391304347826084
857,1,5,2.23606797749979,2.321928094887362,1.6094379124341003,0.6989700043360189,1
858,1,10,3.1622776601683795,3.321928094887362,2.302585092994046,1,1.3913043478260878
859,1,5,2.23606797749979,2.321928094887362,1.6094379124341003,0.6989700043360189,1
860,1,20,4.47213595499958,4.321928094887363,2.995732273553991,1.3010299956639813,2.1739130434782608
861,1,5,2.23606797749979,2.321928094887362,1.6094379124341003,0.6989700043360189,1
862,1,50,7.0710678118654755,5.643856189774724,3.912023005428146,1.6989700043360187,4.521739130434782
863,1,5,2.23606797749979,2.321928094887362,1.6094379124341003,0.6989700043360189,1
864,1,10,3.1622776601683795,3.321928094887362,2.302585092994046,1,1.3913043478260878
865,1,5,2.23606797749979,2.321928094887362,1.6094379124341003,0.6989700043360189,1
866,1,20,4.47213595499958,4.321928094887363,2.995732273553991,1.3010299956639813,2.1739130434782608
867,1,5,2.23606797749979,2.321928094887362,1.6094379124341003,0.6989700043360189,1
868,1,10,3.1622776601683795,3.321928094887362,2.302585092994046,1,1.3913043478260878
869,1,5,2.23606797749979,2.321928094887362,1.6094379124341003,0.6989700043360189,1
870,1,10,3.1622776601683795,3.321928094887362,2.302585092994046,1,1.3913043478260878
871,1,5,2.23606797749979,2.321928094887362,1.6094379124341003,0.6989700043360189,1
872,1,20,4.47213595499958,4.321928094887363,2.995732273553991,1.3010299956639813,2.1739130434782608
873,1,5,2.23606797749979,2.321928094887362,1.6094379124341003,0.6989700043360189,1
874,1,20,4.47213595499958,4.321928094887363,2.995732273553991,1.3010299956639813,2.1739130434782608
875,1,10,3.1622776601683795,3.321928094887362,2.302585092994046,1,1.3913043478260878
876,1,20,4.47213595499958,4.321928094887363,2.995732273553991,1.3010299956639813,2.1739130434782608
877,1,5,2.23606797749979,2.321928094887362,1.6094379124341003,0.6989700043360189,1
878,1,10,3.1622776601683795,3.321928094887362,2.302585092994046,1,1.3913043478260878
879,1,5,2.23606797749979,2.321928094887362,1.6094379124341003,0.6989700043360189,1
880,1,20,4.47213595499958,4.321928094887363,2.995732273553991,1.3010299956639813,2.1739130434782608
881,1,5,2.23606797749979,2.321928094887362,1.6094379124341003,0.6989700043360189,1
882,1,30,5.477225575051661,4.906890595608519,3.4011973816621555,1.4771212547196624,2.9565217391304346
883,1,5,2.23606797749979,2.321928094887362,1.6094379124341003,0.6989700043360189,1
884,1,20,4.47213595499958,4.321928094887363,2.995732273553991,1.3010299956639813,2.1739130434782608
885,1,5,2.23606797749979,2.321928094887362,1.6094379124341003,0.6989700043360189,1
886,1,20,4.47213595499958,4.321928094887363,2.995732273553991,1.3010299956639813,2.1739130434782608
887,1,5,2.23606797749979,2.321928094887362,1.6094379124341003,0.6989700043360189,1
888,1,10,3.1622776601683795,3.321928094887362,2.302585092994046,1,1.3913043478260878
889,1,5,2.23606797749979,2.321928094887362,1.6094379124341003,0.6989700043360189,1
890,1,30,5.477225575051661,4.906890595608519,3.4011973816621555,1.4771212547196624,2.9565217391304346
891,1,5,2.23606797749979,2.321928094887362,1.6094379124341003,0.6989700043360189,1
892,1,40,6.324555320336759,5.321928094887363,3.6888794541139363,1.6020599913279623,3.7391304347826084
893,1,10,3.1622776601683795,3.321928094887362,2.302585092994046,1,1.3913043478260878
894,1,20,4.47213595499958,4.321928094887363,2.995732273553991,1.3010299956639813,2.1739130434782608
895,1,30,5.477225575051661,4.906890595608519,3.4011973816621555,1.4771212547196624,2.9565217391304346
896,1,10,3.1622776601683795,3.321928094887362,2.302585092994046,1,1.3913043478260878
897,1,5,2.23606797749979,2.321928094887362,1.6094379124341003,0.6989700043360189,1
898,1,10,3.1622776601683795,3.321928094887362,2.302585092994046,1,1.3913043478260878
899,1,5,2.23606797749979,2.321928094887362,1.6094379124341003,0.6989700043360189,1
900,1,40,6.324555320336759,5.321928094887363,3.6888794541139363,1.6020599913279623,3.7391304347826084
901,1,5,2.23606797749979,2.321928094887362,1.6094379124341003,0.6989700043360189,1
902,1,30,5.477225575051661,4.906890595608519,3.4011973816621555,1.4771212547196624,2.9565217391304346
903,1,5,2.23606797749979,2.321928094887362,1.6094379124341003,0.6989700043360189,1
904,1,10,3.1622776601683795,3.321928094887362,2.302585092994046,1,1.3913043478260878
905,1,5,2.23606797749979,2.321928094887362,1.6094379124341003,0.6989700043360189,1
906,1,10,3.1622776601683795,3.321928094887362,2.302585092994046,1,1.3913043478260878
907,1,5,2.23606797749979,2.321928094887362,1.6094379124341003,0.6989700043360189,1
908,1,20,4.47213595499958,4.321928094887363,2.995732273553991,1.3010299956639813,2.1739130434782608
909,1,5,2.23606797749979,2.321928094887362,1.6094379124341003,0.6989700043360189,1
910,1,10,3.1622776601683795,3.321928094887362,2.302585092994046,1,1.3913043478260878
911,1,5,2.23606797749979,2.321928094887362,1.6094379124341003,0.6989700043360189,1
912,1,20,4.47213595499958,4.321928094887363,2.995732273553991,1.3010299956639813,2.1739130434782608
913,1,5,2.23606797749979,2.321928094887362,1.6094379124341003,0.6989700043360189,1
914,1,20,4.47213595499958,4.321928094887363,2.995732273553991,1.3010299956639813,2.1739130434782608
915,1,5,2.23606797749979,2.321928094887362,1.6094379124341003,0.6989700043360189,1
916,1,10,3.1622776601683795,3.321928094887362,2.302585092994046,1,1.3913043478260878
917,1,5,2.23606797749979,2.321928094887362,1.6094379124341003,0.6989700043360189,1
918,1,20,4.47213595499958,4.321928094887363,2.995732273553991,1.3010299956639813,2.1739130434782608
919,1,50,7.0710678118654755,5.643856189774724,3.912023005428146,1.6989700043360187,4.521739130434782
920,1,30,5.477225575051661,4.906890595608519,3.4011973816621555,1.4771212547196624,2.9565217391304346
921,1,10,3.1622776601683795,3.321928094887362,2.302585092994046,1,1.3913043478260878
922,1,10,3.1622776601683795,3.321928094887362,2.302585092994046,1,1.3913043478260878
923,1,5,2.23606797749979,2.321928094887362,1.6094379124341003,0.6989700043360189,1
924,1,20,4.47213595499958,4.321928094887363,2.995732273553991,1.3010299956639813,2.1739130434782608
925,1,5,2.23606797749979,2.321928094887362,1.6094379124341003,0.6989700043360189,1
926,1,10,3.1622776601683795,3.321928094887362,2.302585092994046,1,1.3913043478260878
927,1,5,2.23606797749979,2.321928094887362,1.6094379124341003,0.6989700043360189,1
928,1,20,4.47213595499958,4.321928094887363,2.995732273553991,1.3010299956639813,2.1739130434782608
929,1,5,2.23606797749979,2.321928094887362,1.6094379124341003,0.6989700043360189,1
930,1,20,4.47213595499958,4.321928094887363,2.995732273553991,1.3010299956639813,2.1739130434782608
931,1,5,2.23606797749979,2.321928094887362,1.6094379124341003,0.6989700043360189,1
932,1,40,6.324555320336759,5.321928094887363,3.6888794541139363,1.6020599913279623,3.7391304347826084
933,1,5,2.23606797749979,2.321928094887362,1.6094379124341003,0.6989700043360189,1
934,1,20,4.47213595499958,4.321928094887363,2.995732273553991,1.3010299956639813,2.1739130434782608
935,1,5,2.23606797749979,2.321928094887362,1.6094379124341003,0.6989700043360189,1
936,1,10,3.1622776601683795,3.321928094887362,2.302585092994046,1,1.3913043478260878
937,1,10,3.1622776601683795,3.321928094887362,2.302585092994046,1,1.3913043478260878
938,1,10,3.1622776601683795,3.321928094887362,2.302585092994046,1,1.3913043478260878
939,1,5,2.23606797749979,2.321928094887362,1.6094379124341003,0.6989700043360189,1
940,1,30,5.477225575051661,4.906890595608519,3.4011973816621555,1.4771212547196624,2.9565217391304346
941,1,5,2.23606797749979,2.321928094887362,1.6094379124341003,0.6989700043360189,1
942,1,20,4.47213595499958,4.321928094887363,2.995732273553991,1.3010299956639813,2.1739130434782608
943,1,5,2.23606797749979,2.321928094887362,1.6094379124341003,0.6989700043360189,1
944,1,10,3.1622776601683795,3.321928094887362,2.302585092994046,1,1.3913043478260878
945,1,10,3.1622776601683795,3.321928094887362,2.302585092994046,1,1.3913043478260878
946,1,10,3.1622776601683795,3.321928094887362,2.302585092994046,1,1.3913043478260878
947,1,5,2.23606797749979,2.321928094887362,1.6094379124341003,0.6989700043360189,1
948,1,30,5.477225575051661,4.906890595608519,3.4011973816621555,1.4771212547196624,2.9565217391304346
949,1,5,2.23606797749979,2.321928094887362,1.6094379124341003,0.6989700043360189,1
950,1,20,4.47213595499958,4.321928094887363,2.995732273553991,1.3010299956639813,2.1739130434782608
951,1,5,2.23606797749979,2.321928094887362,1.6094379124341003,0.6989700043360189,1
952,1,10,3.1622776601683795,3.321928094887362,2.302585092994046,1,1.3913043478260878
953,1,10,3.1622776601683795,3.321928094887362,2.302585092994046,1,1.3913043478260878
954,1,10,3.1622776601683795,3.321928094887362,2.302585092994046,1,1.3913043478260878
955,1,5,2.23606797749979,2.321928094887362,1.6094379124341003,0.6989700043360189,1
956,1,10,3.1622776601683795,3.321928094887362,2.302585092994046,1,1.3913043478260878
957,1,5,2.23606797749979,2.321928094887362,1.6094379124341003,0.6989700043360189,1
958,1,10,3.1622776601683795,3.321928094887362,2.302585092994046,1,1.3913043478260878
959,1,5,2.23606797749979,2.321928094887362,1.6094379124341003,0.6989700043360189,1
960,1,20,4.47213595499958,4.321928094887363,2.995732273553991,1.3010299956639813,2.1739130434782608
961,1,5,2.23606797749979,2.321928094887362,1.6094379124341003,0.6989700043360189,1
962,1,10,3.1622776601683795,3.321928094887362,2.302585092994046,1,1.3913043478260878
963,1,5,2.23606797749979,2.321928094887362,1.6094379124341003,0.6989700043360189,1
964,1,10,3.1622776601683795,3.321928094887362,2.302585092994046,1,1.3913043478260878
965,1,5,2.23606797749979,2.321928094887362,1.6094379124341003,0.6989700043360189,1
966,1,50,7.0710678118654755,5.643856189774724,3.912023005428146,1.6989700043360187,4.521739130434782
967,1,30,5.477225575051661,4.906890595608519,3.4011973816621555,1.4771212547196624,2.9565217391304346
968,1,10,3.1622776601683795,3.321928094887362,2.302585092994046,1,1.3913043478260878
969,1,5,2.23606797749979,2.321928094887362,1.6094379124341003,0.6989700043360189,1
970,1,10,3.1622776601683795,3.321928094887362,2.302585092994046,1,1.3913043478260878
971,1,5,2.23606797749979,2.321928094887362,1.6094379124341003,0.6989700043360189,1
972,1,10,3.1622776601683795,3.321928094887362,2.302585092994046,1,1.3913043478260878
973,1,5,2.23606797749979,2.321928094887362,1.6094379124341003,0.6989700043360189,1
974,1,30,5.477225575051661,4.906890595608519,3.4011973816621555,1.4771212547196624,2.9565217391304346
975,1,5,2.23606797749979,2.321928094887362,1.6094379124341003,0.6989700043360189,1
976,1,20,4.47213595499958,4.321928094887363,2.995732273553991,1.3010299956639813,2.1739130434782608
977,1,10,3.1622776601683795,3.321928094887362,2.302585092994046,1,1.3913043478260878
978,1,10,3.1622776601683795,3.321928094887362,2.302585092994046,1,1.3913043478260878
979,1,5,2.23606797749979,2.321928094887362,1.6094379124341003,0.6989700043360189,1
980,1,10,3.1622776601683795,3.321928094887362,2.302585092994046,1,1.3913043478260878
981,1,5,2.23606797749979,2.321928094887362,1.6094379124341003,0.6989700043360189,1
982,1,10,3.1622776601683795,3.321928094887362,2.302585092994046,1,1.3913043478260878
983,1,10,3.1622776601683795,3.321928094887362,2.302585092994046,1,1.3913043478260878
984,1,20,4.47213595499958,4.321928094887363,2.995732273553991,1.3010299956639813,2.1739130434782608
985,1,5,2.23606797749979,2.321928094887362,1.6094379124341003,0.6989700043360189,1
986,1,10,3.1622776601683795,3.321928094887362,2.302585092994046,1,1.3913043478260878
987,1,20,4.47213595499958,4.321928094887363,2.995732273553991,1.3010299956639813,2.1739130434782608
988,1,10,3.1622776601683795,3.321928094887362,2.302585092994046,1,1.3913043478260878
989,1,5,2.23606797749979,2.321928094887362,1.6094379124341003,0.6989700043360189,1
990,1,10,3.1622776601683795,3.321928094887362,2.302585092994046,1,1.3913043478260878
991,1,5,2.23606797749979,2.321928094887362,1.6094379124341003,0.6989700043360189,1
992,1,10,3.1622776601683795,3.321928094887362,2.302585092994046,1,1.3913043478260878
993,1,5,2.23606797749979,2.321928094887362,1.6094379124341003,0.6989700043360189,1
994,1,10,3.1622776601683795,3.321928094887362,2.302585092994046,1,1.3913043478260878
995,1,5,2.23606797749979,2.321928094887362,1.6094379124341003,0.6989700043360189,1
996,1,20,4.47213595499958,4.321928094887363,2.995732273553991,1.3010299956639813,2.1739130434782608
997,1,5,2.23606797749979,2.321928094887362,1.6094379124341003,0.6989700043360189,1
998,1,10,3.1622776601683795,3.321928094887362,2.302585092994046,1,1.3913043478260878
999,1,5,2.23606797749979,2.321928094887362,1.6094379124341003,0.6989700043360189,1
1000,1,20,4.47213595499958,4.321928094887363,2.995732273553991,1.3010299956639813,2.1739130434782608
1001,1,5,2.23606797749979,2.321928094887362,1.6094379124341003,0.6989700043360189,1
